Generell kvalitet [1-10],Generellt skick [1-10],Byggår [år],Senaste renovering [år],Antal rum [antal] (exkl källare),Sovrum [antal] (exkl källare),Hela badrum [antal],Halva badrum [antal],Tomtarea [kvm],Boendeyta [kvm] (exkl källare),Eldstäder [antal],Yta källare [kvm],Garageplatser [antal],Yta garage [kvm],Yta pool [kvm],Försäljningspris [SEK]
7,5,2003,2003,8,3,2,1,785,158,0,79,2,50,0,2085000
6,8,1976,1976,6,3,2,0,891,117,1,117,2,42,0,1815000
7,5,2001,2002,6,3,2,1,1045,165,1,85,2,56,0,2235000
7,5,1915,1970,7,3,1,0,887,159,1,70,3,59,0,1400000
8,5,2000,2000,9,4,2,1,1324,204,1,106,3,77,0,2500000
5,5,1993,1995,5,1,1,1,1311,126,0,73,2,44,0,1430000
8,5,2004,2005,7,3,2,0,936,157,1,156,2,59,0,3070000
7,6,1973,1973,7,3,2,1,964,194,2,102,2,44,0,2000000
7,5,1931,1950,8,2,2,0,568,164,2,88,2,43,0,1299000
5,6,1939,1950,5,2,1,0,689,100,2,92,1,19,0,1180000
5,5,1965,1965,5,3,1,0,1040,96,0,96,1,35,0,1295000
9,5,2005,2006,11,4,3,0,1107,215,2,109,3,68,0,3450000
5,6,1962,1962,4,2,1,0,1204,84,0,84,1,32,0,1440000
7,5,2006,2007,7,3,2,0,989,138,1,138,3,78,0,2795000
6,5,1960,1960,5,2,1,1,1014,116,1,116,1,32,0,1570000
7,8,1929,2001,5,2,1,0,568,79,0,77,2,53,0,1320000
6,7,1970,1970,5,2,1,0,1044,93,1,93,2,44,0,1490000
4,5,1967,1967,6,2,2,0,1002,120,0,0,2,47,0,900000
5,5,2004,2004,6,3,1,1,1272,103,0,103,2,53,0,1590000
5,6,1958,1965,6,3,1,0,702,124,0,95,1,27,0,1390000
8,5,2005,2006,9,4,3,1,1320,220,1,107,3,79,0,3253000
7,7,1930,1950,6,3,1,0,692,102,1,59,1,26,0,1394000
8,5,2002,2002,7,3,2,0,905,166,1,165,2,49,0,2300000
5,7,1976,1976,6,3,1,0,392,98,1,96,2,53,0,1299000
5,8,1968,2001,6,3,1,0,766,98,1,98,1,25,0,1540000
8,5,2007,2007,7,3,2,0,1321,148,1,145,3,82,0,2563000
5,7,1951,2000,5,3,1,0,668,83,0,83,2,53,0,1348000
8,5,2007,2008,7,3,2,0,1066,158,1,158,3,71,0,3060000
5,6,1957,1997,6,2,1,0,1516,148,2,137,1,29,0,2075000
4,6,1927,1950,4,1,1,0,587,48,0,48,1,22,0,685000
4,4,1920,1950,6,3,1,0,789,122,0,60,1,23,0,400000
5,6,1966,2006,6,3,1,1,793,114,0,114,1,25,0,1493500
8,5,2007,2007,7,3,2,0,1026,114,0,114,2,44,0,1799000
5,5,1959,1959,6,4,1,1,980,157,1,129,2,41,0,1655000
9,5,2005,2005,6,2,2,0,679,145,1,145,2,51,0,2775000
8,5,2004,2005,9,4,3,1,1246,227,1,103,3,64,0,3090000
5,5,1994,1995,6,3,1,1,1008,101,0,101,2,62,0,1450000
5,6,1954,1990,5,3,1,0,792,120,1,120,2,46,0,1530000
5,7,1953,2007,5,3,1,0,735,98,0,98,1,22,0,1090000
4,5,1955,1955,6,2,2,0,561,107,0,0,0,0,0,820000
6,5,1965,1965,6,3,2,0,804,122,1,101,2,40,0,1600000
5,6,1959,1959,5,2,1,1,1570,123,2,125,1,28,0,1700000
5,7,1983,1983,5,2,1,0,852,82,0,78,2,46,0,1440000
5,6,1975,1980,5,3,1,0,854,87,0,87,1,28,0,1302500
5,6,1959,1959,6,3,1,0,738,106,0,106,1,27,0,1410000
9,5,2005,2005,6,2,2,0,711,162,1,162,2,53,0,3199000
7,5,2003,2003,6,1,1,1,1191,199,1,133,2,62,0,2396860
8,5,2006,2006,7,3,2,0,1030,153,0,153,3,76,0,2497000
4,5,1920,2008,8,2,2,0,413,134,0,68,0,0,0,1130000
5,7,1966,1966,6,3,1,0,719,88,0,88,1,35,0,1270000
6,6,1997,1997,6,3,2,0,1288,136,0,73,2,36,0,1770000
6,6,1934,1950,6,3,1,0,579,109,1,75,2,49,0,1145000
5,5,1963,1963,5,2,1,0,787,75,0,75,2,47,0,1100000
9,5,1981,1987,5,0,0,1,4670,171,1,171,3,83,0,3850000
5,5,1955,1955,6,3,1,0,662,126,1,35,2,53,0,1300000
6,5,1964,1964,7,3,2,0,945,132,1,132,2,53,0,1805000
8,5,1999,2000,7,3,2,1,245,161,0,90,2,44,0,1725000
7,5,2004,2004,7,3,2,1,1081,159,0,79,2,52,0,1965000
10,5,2006,2006,10,3,3,1,1271,273,1,130,3,59,0,4387800
5,7,1972,1972,4,2,1,0,668,72,0,72,1,32,0,1249000
6,5,2004,2004,5,3,1,1,1214,107,0,107,2,53,0,1580000
5,7,1920,1996,6,3,1,0,668,103,0,49,1,26,0,1010000
8,5,2006,2006,6,2,2,0,598,127,1,127,2,44,0,2025000
7,6,1921,1950,9,3,2,0,956,158,0,53,2,44,0,1400000
7,5,1997,1998,8,3,2,1,870,188,0,98,2,59,0,2195000
8,5,2004,2005,9,4,2,1,891,229,1,106,3,79,0,3170000
7,5,1970,1989,7,3,2,0,1848,205,1,180,2,53,0,1800000
7,5,2003,2003,7,3,2,0,990,137,0,134,2,51,0,2260000
4,6,1945,1950,4,2,1,0,428,69,0,69,1,20,0,800000
7,4,1953,1953,7,3,2,0,1448,212,1,121,2,61,0,2250000
7,6,1973,1973,8,3,2,0,1268,206,2,206,2,47,0,2440000
4,6,1982,2006,4,2,1,0,705,78,0,78,2,33,0,1295000
7,5,1998,1998,7,3,2,1,942,159,1,77,2,39,0,1850000
5,7,1954,2003,6,3,1,0,947,100,0,100,2,45,0,1449000
3,6,1915,1950,8,3,2,0,537,149,0,78,1,35,0,1074000
4,5,1973,1973,5,2,1,0,148,91,0,42,1,27,0,910000
4,7,1956,1956,4,2,1,0,787,88,0,88,1,26,0,1357500
5,5,1948,2001,6,2,1,0,802,119,0,62,1,22,0,1270000
4,5,1968,1968,8,4,2,0,1001,164,0,164,0,0,0,1365000
5,6,1910,1981,5,2,1,1,969,114,0,40,2,40,0,1100000
6,6,1968,1968,8,4,2,1,1207,198,1,83,1,47,0,1935000
6,5,1998,1998,5,2,2,0,418,124,0,114,2,37,0,1535000
8,5,2007,2007,6,3,2,0,948,145,1,145,3,70,0,2450000
5,5,1960,1960,6,3,1,1,826,98,0,98,2,42,0,1265000
7,5,1995,1996,7,3,2,1,792,136,1,35,2,37,0,1685000
8,5,1991,1992,9,4,2,1,1491,224,1,119,2,42,0,2600000
6,5,2005,2005,6,3,2,1,1106,144,1,63,2,37,0,1740000
6,5,2009,2009,4,2,2,1,367,113,0,56,2,49,0,1645000
3,2,1915,1982,6,2,1,0,786,141,0,94,0,0,0,850000
4,5,1994,1995,5,3,1,0,749,91,0,91,0,0,0,1236000
4,5,1950,1950,4,2,1,0,668,96,0,0,2,39,0,1099000
5,3,1961,1961,6,2,1,0,789,114,0,114,2,44,0,986000
5,7,1921,2006,5,2,1,0,1241,89,0,81,2,40,0,1635000
6,6,1910,1998,9,4,2,0,668,212,1,112,2,47,0,1339000
6,5,1997,1997,7,3,2,1,867,165,0,76,2,63,0,2047500
6,8,1993,1993,6,3,2,1,907,136,1,63,2,39,0,1850000
7,5,1999,1999,6,3,2,0,953,147,0,147,2,43,0,2140000
4,5,1965,1965,6,3,1,0,1014,89,0,89,1,40,0,947500
5,5,1920,1950,5,2,1,0,987,77,0,42,1,34,0,830000
4,5,1959,1959,6,3,1,1,865,113,0,88,0,0,0,1289500
6,7,1977,2001,6,3,2,0,985,149,2,149,2,44,0,2050000
6,5,1985,1985,7,3,2,1,855,160,1,68,2,44,0,1780000
5,5,1979,1979,8,4,2,0,651,142,0,0,2,38,0,1189640
7,5,2009,2009,6,3,2,0,966,113,0,113,3,68,0,1989000
7,4,1931,1950,7,4,1,1,720,168,2,96,1,22,0,1695000
8,5,2003,2004,9,3,2,1,870,185,1,97,2,60,0,2500000
4,7,1885,1995,6,2,1,0,1003,97,0,59,1,25,0,1000000
5,5,1948,1950,5,2,1,0,557,73,0,73,1,23,0,1150000
5,7,1919,2005,7,3,2,0,789,140,0,73,0,0,0,1150000
6,6,1977,1977,7,3,2,0,1091,171,1,171,2,50,0,1900000
6,4,1954,1972,7,4,2,0,884,172,0,92,1,30,0,1369000
7,5,2000,2000,7,3,2,1,719,132,1,35,2,37,0,1800000
7,5,2007,2007,10,4,2,1,925,250,1,117,3,73,0,3839700
6,5,1953,1953,7,3,2,0,1950,209,2,168,2,41,0,2170000
6,8,1945,2002,9,3,2,1,674,215,1,95,1,16,0,2595000
6,5,1999,1999,5,2,2,1,300,135,1,67,2,40,0,1760000
5,5,1962,1962,6,3,1,0,1079,101,1,101,1,26,0,1390000
5,5,2006,2007,5,2,1,1,792,104,0,104,2,39,0,1550000
7,5,1990,1990,11,5,3,0,1149,299,2,155,3,55,0,3200000
6,5,2005,2006,8,3,2,1,786,135,1,67,2,36,0,1639900
6,5,1969,1969,4,1,1,0,1992,91,2,87,2,50,0,1800000
4,5,1939,1950,4,3,1,0,562,104,0,68,1,24,0,1000000
6,7,1958,1958,5,3,1,0,879,100,0,100,1,26,0,1360000
6,5,1993,1993,5,2,2,0,733,111,0,111,2,49,0,1539000
6,5,1979,1998,7,3,2,0,1583,147,1,126,2,40,0,1810000
6,8,1935,1982,5,2,1,0,629,70,0,48,0,0,0,845000
6,5,1976,1976,5,2,2,0,457,88,1,100,2,40,0,1280000
5,7,1930,1950,5,3,1,0,407,78,1,62,0,0,0,870000
6,5,1966,1966,6,3,1,1,705,125,1,61,2,42,0,1550000
5,7,1958,1991,6,3,1,1,833,97,0,93,2,69,0,1500000
7,6,1966,1966,8,4,2,1,1319,200,2,85,2,45,0,2260000
6,5,2000,2000,7,3,2,1,1135,190,1,92,2,36,0,2440000
5,6,1959,2002,7,3,1,0,686,123,0,98,2,57,0,1507500
8,5,2001,2002,6,2,2,0,636,120,0,117,2,43,0,2200000
5,6,1968,1993,7,3,2,1,960,159,1,135,2,40,0,1800000
7,6,1970,1970,7,3,2,0,966,156,1,121,2,49,0,1740000
5,5,1967,1967,5,3,2,0,961,112,1,112,1,29,0,1430000
7,5,1988,1989,9,5,3,0,1028,181,0,177,3,71,0,1710000
8,5,1999,2000,7,3,2,1,842,172,2,93,3,61,0,2300000
6,5,1997,1997,7,3,2,1,1433,163,0,86,2,43,0,2315000
4,5,1971,1971,5,3,1,0,975,80,1,80,0,0,0,1150000
7,5,2005,2005,7,3,2,0,1081,161,0,161,2,61,0,2600000
5,4,1952,1952,6,4,2,0,791,128,0,84,2,66,0,1660000
7,5,1999,1999,6,3,2,0,960,139,0,138,2,53,0,2040000
5,5,1963,1963,10,6,2,0,845,160,0,160,2,46,0,1250000
6,5,2004,2006,7,3,2,0,234,158,0,90,2,35,0,1300000
5,7,1931,1993,5,2,1,0,568,81,0,66,1,16,0,1050000
7,5,2001,2001,8,3,2,1,883,189,1,82,2,40,0,2225000
7,5,2004,2005,6,3,1,0,696,100,0,100,0,0,0,1410000
5,4,1936,1950,7,3,1,0,579,124,0,83,1,22,0,1150000
5,6,1975,1975,5,3,1,1,962,90,0,90,2,40,0,1220000
8,5,2007,2008,6,2,2,0,1290,158,1,158,3,80,0,3724020
6,5,1971,1971,8,4,2,1,1375,185,1,76,2,45,0,1900000
6,7,1960,1975,4,1,1,0,1254,116,1,148,2,52,0,2350000
6,5,1923,1950,7,4,1,0,1053,111,0,111,1,28,0,1250000
6,5,1924,1950,5,2,1,0,891,101,0,53,0,0,0,790000
5,7,1950,1950,5,2,1,0,668,96,0,0,2,58,0,1095000
8,5,2009,2010,8,4,2,1,1115,182,1,71,3,63,0,2695000
7,5,2004,2005,8,3,2,1,1166,180,1,92,2,62,0,2549000
7,5,2005,2006,9,4,2,1,1800,228,1,129,2,53,0,3200000
6,6,1984,1984,6,3,2,0,1033,114,0,114,2,47,0,1625000
9,5,2003,2004,10,3,2,1,1271,247,2,146,3,67,0,4125000
7,5,2005,2005,7,3,2,0,1131,143,1,143,2,49,0,2200000
4,6,1956,1956,4,1,1,0,510,81,0,81,0,0,0,1032000
6,7,1926,2004,5,3,2,0,501,150,0,106,1,20,0,1520000
5,7,1940,1999,6,4,2,0,938,125,0,59,0,0,0,1275000
5,5,1955,1993,7,2,1,0,994,173,3,150,1,28,0,1900000
8,5,2007,2007,8,3,1,1,981,200,1,146,3,73,0,3256240
7,5,2004,2004,7,3,2,1,765,159,1,78,2,40,0,1835000
8,6,1981,1981,6,2,2,1,1548,158,1,156,2,47,0,2280000
5,6,1941,1950,7,2,1,1,1148,128,0,66,2,61,0,1285000
6,5,1960,1960,7,3,1,0,2951,153,2,100,2,49,0,2150000
7,7,1987,1987,5,2,2,0,492,164,1,98,2,46,0,2390000
6,5,1961,1961,6,3,1,1,947,126,1,126,2,46,0,1630000
6,5,1986,1986,7,3,2,0,1153,153,1,149,2,57,0,1840000
6,7,1950,2001,7,4,2,0,1171,200,1,111,2,53,0,2430000
6,5,1988,1989,8,4,2,1,931,191,1,106,2,48,0,2110000
5,5,1958,1958,8,4,2,0,1268,178,1,97,2,41,0,1725000
9,5,2008,2009,9,1,2,0,1618,207,1,205,3,108,0,5018370
5,6,1923,2006,5,2,1,0,791,89,0,89,2,44,0,1000000
6,5,2000,2000,5,3,2,1,196,141,1,70,2,40,0,1770000
7,6,1920,1950,9,4,1,1,704,167,1,73,1,20,0,2001000
5,6,1957,2006,7,3,1,0,841,124,1,0,1,23,0,1200000
7,5,2003,2003,6,3,2,1,1061,193,0,126,2,44,0,2000000
5,8,1908,1991,5,3,1,0,690,116,0,46,2,53,0,1270000
10,9,1892,1993,12,4,2,1,2132,335,2,102,3,78,0,4750000
7,5,1990,1991,6,3,2,0,924,113,0,110,2,46,0,1730000
5,7,1916,1987,8,3,2,1,967,153,0,61,1,16,0,1350000
5,5,1979,1979,6,2,0,2,651,113,2,100,2,49,0,1533370
8,5,2001,2002,5,0,1,1,457,147,1,147,2,63,0,2860000
8,8,1932,1994,10,3,2,1,981,253,2,79,2,40,0,3150000
7,9,1972,2004,7,4,1,1,694,137,0,67,2,44,0,1840000
7,5,1999,1999,6,3,2,0,837,132,0,132,2,61,0,1920000
7,5,2004,2004,7,3,2,0,234,158,0,90,2,35,0,1300000
5,7,1972,1972,5,3,1,0,667,80,0,80,1,32,0,1270000
6,6,1976,1976,7,3,2,1,211,135,1,79,2,40,0,1485000
7,5,2007,2007,8,3,2,0,874,160,1,160,3,73,0,3118720
8,4,1918,1990,8,4,2,0,2361,289,1,126,2,73,47,2350000
6,6,1912,1950,8,5,1,0,512,207,0,70,0,0,0,1040000
8,5,2004,2005,7,3,2,0,891,159,1,159,3,79,0,2749000
4,5,2003,2004,5,2,2,0,793,104,0,104,2,40,0,1400000
6,6,1977,1977,6,3,2,0,940,118,2,111,2,43,0,1715000
6,6,1924,1950,6,2,2,0,650,121,0,57,1,36,0,1120000
6,5,2004,2004,3,1,1,0,412,78,1,78,2,39,0,1490000
5,7,1947,1950,5,2,1,1,325,119,0,66,1,22,0,1100000
7,5,1990,1990,5,3,2,0,1100,133,0,132,2,46,0,1805000
5,5,1962,1962,8,3,1,1,1270,157,1,105,1,32,0,1439000
4,5,1960,1960,6,3,1,0,1160,102,1,102,1,28,0,1410000
7,5,1988,1989,7,3,2,1,1334,191,1,107,2,42,0,2770000
6,7,1964,1964,6,3,1,0,766,101,0,101,2,46,0,1450000
5,6,1925,1950,5,2,1,0,520,80,0,80,0,0,0,980000
6,5,2009,2009,6,3,2,0,968,112,0,112,2,42,0,1860000
7,5,2009,2009,7,3,2,1,802,172,1,83,2,59,0,2526780
5,5,1995,1995,5,3,1,0,1260,91,0,91,2,53,0,1560000
6,7,1977,1977,6,3,1,1,1012,129,0,64,1,27,0,1617500
5,6,1957,1996,6,2,1,0,930,114,1,99,1,41,0,1344500
7,5,2004,2004,8,3,2,0,785,133,0,133,2,44,0,2100000
4,4,1925,1950,8,3,1,0,920,123,0,63,1,19,0,1070000
7,9,1939,2006,8,3,1,1,1454,181,2,74,2,40,0,3115000
7,5,2005,2006,5,2,2,0,279,115,0,115,2,40,0,1672400
7,5,2006,2006,5,2,2,0,835,139,0,139,2,62,0,2049000
6,5,2002,2002,8,4,2,1,749,210,1,93,2,36,0,2000000
6,6,1975,1975,6,3,2,1,1066,144,1,66,2,40,0,1799000
4,6,1971,1971,4,2,1,0,975,80,0,80,2,53,0,970000
10,5,2003,2003,8,3,2,0,1251,222,1,222,3,89,0,3862500
5,5,1971,1971,6,3,2,1,156,120,0,58,1,26,0,1120000
7,5,1995,1995,9,4,2,1,924,234,1,111,3,66,0,2900000
6,6,1970,1970,5,2,1,1,173,91,0,44,1,26,0,1060000
5,5,1967,1967,5,3,1,0,791,84,1,84,1,31,0,1250000
7,5,2005,2006,7,2,2,0,295,144,1,127,2,39,0,1925000
6,6,1959,1959,6,3,1,0,813,110,0,110,1,28,0,1480000
8,5,1995,1996,9,4,2,1,1406,259,1,135,3,75,0,4030000
6,5,1972,1972,5,2,1,1,156,91,1,44,1,26,0,945000
5,6,1976,1976,5,3,1,0,989,83,0,83,1,28,0,1282000
6,5,2002,2002,8,4,2,1,729,182,2,79,2,40,0,2165000
6,3,1971,1971,5,2,1,1,156,91,0,44,1,24,0,895000
7,5,2004,2004,6,3,2,0,815,131,0,131,2,45,0,1855000
7,7,1993,2003,7,3,2,1,878,162,0,92,2,42,0,1945000
8,5,2007,2007,7,3,2,0,1117,157,0,157,3,75,0,3180000
6,4,1945,1950,7,3,1,1,812,138,1,68,1,20,0,1130000
8,5,2008,2008,7,3,2,0,836,145,0,145,2,69,0,2625000
5,9,1945,1997,4,2,1,0,360,80,0,63,0,0,0,1105000
5,4,1900,1950,6,3,1,0,464,133,0,50,1,32,0,790000
6,6,1980,1980,6,3,1,1,999,113,1,58,1,26,0,1200000
7,5,1994,2002,8,3,2,1,824,196,2,88,2,43,0,2050000
7,5,1988,1988,6,3,2,0,966,173,1,171,2,56,0,2415000
6,8,1910,1950,9,4,2,0,849,179,0,94,1,40,0,1370000
6,5,1954,1954,5,2,1,0,1050,127,1,126,2,41,0,1400000
7,5,2003,2003,8,3,2,1,1051,154,0,78,2,46,0,1800000
6,7,1958,2006,7,4,2,0,14771,199,2,134,2,36,0,2770000
3,2,1940,1966,6,3,1,0,497,121,0,67,0,0,0,765000
8,5,2006,2007,5,2,2,0,441,150,1,146,2,49,0,2350000
6,5,2004,2004,6,3,2,1,777,152,0,74,2,48,0,1730000
6,7,1964,1991,7,3,2,0,868,120,0,120,1,28,0,1580000
5,6,1957,1957,5,3,1,0,780,122,0,122,1,27,0,1450000
7,5,1999,1999,8,4,2,1,811,212,1,90,2,39,0,2300000
6,5,2003,2003,7,3,2,1,816,160,0,80,2,62,0,2075000
7,5,2006,2006,8,3,2,1,818,149,1,149,2,61,0,2200000
7,5,2001,2001,7,3,2,1,1155,166,1,89,2,52,0,2315000
5,5,1956,1956,4,2,1,0,1180,81,0,0,1,28,0,970000
6,5,1962,1962,6,3,1,0,1792,128,1,126,2,82,0,1760000
8,5,2007,2007,10,3,2,1,890,239,1,137,3,80,0,2760000
6,7,1977,1995,6,3,1,0,786,112,1,47,2,45,0,1510000
5,7,1929,2001,6,3,1,0,510,122,0,86,2,44,0,1300000
5,5,1925,2004,4,2,1,0,486,70,0,63,2,46,0,730000
6,6,1981,1981,7,3,2,0,1123,132,1,132,2,53,0,1755000
6,5,1997,1997,8,3,2,1,1041,140,1,74,2,38,0,1850000
5,8,1939,1997,8,4,2,1,780,203,1,66,1,22,0,1795000
5,6,1940,1955,4,2,1,0,641,72,1,68,1,85,0,1205000
6,7,1976,1976,6,3,1,1,735,103,1,106,1,46,0,1480000
8,5,2006,2006,8,3,2,1,996,180,1,101,3,97,0,2660000
7,7,1954,2005,5,2,1,0,3632,126,2,128,2,40,0,2415000
8,7,1999,2007,9,4,2,1,1092,210,1,107,3,62,0,2900000
6,6,1958,1988,6,3,2,0,891,151,1,115,1,31,0,1390000
5,7,1982,1982,5,2,1,0,772,75,0,75,1,24,0,1245000
7,7,1925,2007,5,3,2,1,674,143,0,88,2,62,0,2050000
7,5,2003,2003,7,3,2,0,854,144,0,144,2,53,0,2010000
4,5,1951,1951,4,2,1,0,1777,80,0,80,2,37,0,1410000
9,5,2006,2007,8,3,2,1,1342,197,1,197,3,68,0,4152980
7,5,1977,1977,8,4,2,1,929,187,1,107,2,46,0,1920000
7,6,1989,1989,7,3,2,1,1048,184,1,74,2,53,0,2285000
6,5,2006,2006,5,2,2,0,668,117,0,117,2,53,0,1850000
7,5,2007,2008,6,2,2,0,470,122,1,122,2,58,0,2075000
8,5,2008,2009,6,3,2,0,892,136,1,136,3,83,0,2446000
6,5,1992,1992,5,2,2,0,744,146,0,146,2,49,0,1792000
7,5,2006,2007,5,2,2,1,394,116,0,58,2,49,0,1647000
6,7,1962,1981,7,3,1,1,909,161,1,84,2,40,0,1590000
4,4,1971,1971,5,3,1,0,754,79,0,79,0,0,0,880000
5,5,1967,1967,5,3,1,0,912,83,0,81,1,26,0,1220000
6,7,1915,2003,7,3,1,0,811,129,0,64,1,35,0,1535750
8,5,2006,2006,8,3,2,1,1450,178,1,100,2,63,0,2332300
5,6,1912,2000,9,6,2,0,528,159,0,72,0,0,0,1359000
5,4,1949,2008,8,3,1,1,1059,159,1,71,1,26,0,1310000
7,7,1977,1994,9,3,2,1,1547,210,1,73,2,50,0,2350000
6,5,1953,1953,7,3,1,0,891,152,2,131,2,38,0,1670000
6,6,1984,1984,6,3,1,0,737,93,0,93,2,54,0,1425000
5,5,1950,1950,6,4,1,1,1273,144,0,84,1,26,0,1520000
7,5,1997,1998,7,3,2,1,687,181,1,90,2,53,0,2390000
6,6,1968,1968,7,3,1,2,1086,161,1,65,2,50,0,1750000
6,8,1950,2004,6,3,1,0,1300,107,1,101,1,27,0,1585000
5,5,1953,1953,5,2,1,0,1463,124,2,108,1,34,0,1570000
8,5,1998,1999,9,4,2,1,1507,227,1,95,2,63,0,2670000
7,5,2001,2002,6,3,2,0,1273,143,1,143,3,78,0,2050000
5,7,1972,1972,5,3,1,0,910,83,0,83,2,51,0,1499000
7,9,1880,2002,10,3,3,0,1708,324,1,136,3,80,0,2950000
8,5,2004,2005,8,3,2,0,964,185,0,185,3,82,0,3059000
7,5,1990,1991,8,4,2,1,1251,208,1,65,3,69,0,2250000
6,7,1920,1950,6,3,1,0,735,130,0,29,0,0,0,895000
4,5,1940,1950,4,1,1,0,1146,79,0,79,2,50,0,825000
9,5,2003,2004,8,3,2,0,1149,180,3,176,3,65,0,3600000
6,5,1993,1994,6,3,2,1,713,139,1,64,2,39,0,1656000
6,6,1948,2002,5,2,1,0,743,90,1,90,1,22,0,1320000
5,7,1939,1950,5,3,1,0,724,103,1,73,2,38,0,1199000
7,5,1965,1965,8,3,2,0,19996,189,2,198,2,47,0,3750000
7,7,1925,1990,6,3,1,1,891,152,1,67,2,50,0,1780000
7,5,2004,2005,6,3,2,1,724,133,1,66,2,40,0,1885000
7,7,1980,1980,10,4,2,1,1208,218,1,78,2,44,0,2600000
8,5,2006,2006,8,3,2,1,836,181,1,101,3,95,0,2700000
7,5,1993,1993,9,4,2,1,919,245,1,125,3,60,0,2600000
7,5,1980,1980,6,3,2,0,1311,136,2,127,2,54,0,1875000
9,5,2006,2006,9,4,3,1,1510,241,0,116,3,78,0,3426430
8,5,2004,2004,10,4,2,1,1123,229,1,105,3,81,0,3540000
7,5,1986,1987,8,4,2,1,964,253,1,139,2,53,0,3010000
3,8,1955,2005,6,3,1,0,540,108,0,107,1,20,0,1261750
7,7,1967,2007,11,5,2,1,1047,276,1,65,2,52,0,2420000
5,6,1941,1950,5,2,1,0,464,74,0,66,2,33,0,870000
8,5,1993,1993,6,1,1,1,1007,159,2,159,2,43,0,3240000
6,5,1960,1960,7,3,1,1,1077,128,0,128,1,27,0,1452500
6,6,1916,1994,10,5,2,0,1104,198,0,78,2,40,0,2145000
5,5,1920,1950,6,3,1,0,594,110,0,55,1,17,0,780000
5,4,1964,1964,10,6,2,0,986,160,0,160,1,32,0,1190000
5,6,1958,1992,6,3,1,0,759,98,0,98,1,28,0,1390000
8,5,2003,2004,7,3,2,0,989,151,1,297,3,81,0,2840000
7,5,2004,2004,6,2,2,0,761,126,1,126,2,44,0,2070000
6,5,1998,1998,7,3,2,1,840,152,2,87,2,43,0,1920000
5,6,1965,1965,7,3,2,0,15296,165,2,139,2,49,0,2289500
9,5,2005,2006,8,3,2,0,1315,178,1,178,3,62,0,3774260
7,5,2002,2003,7,3,2,0,848,142,0,142,2,49,0,2140000
7,7,1984,1998,8,3,2,0,1314,150,0,112,2,40,0,2025000
6,7,1958,1998,6,3,1,0,1151,112,0,112,1,27,0,1550000
8,5,2002,2002,9,4,2,1,1318,177,0,89,2,40,0,2029000
4,4,1950,1950,4,2,1,0,780,78,0,66,1,27,0,820000
3,4,1949,1950,6,2,2,0,793,96,0,0,2,37,0,875000
9,5,2005,2005,6,2,2,0,822,156,1,156,2,52,0,2660000
5,3,1976,1976,4,3,1,1,240,103,0,49,1,31,0,850000
6,5,1939,1950,6,3,1,0,597,146,1,90,1,28,0,1402000
6,8,1960,1998,5,2,1,0,1186,88,0,88,1,27,0,1515000
6,5,1960,1960,6,3,2,0,1635,137,2,137,2,46,0,1575000
7,5,2003,2004,6,2,2,1,227,151,0,70,2,44,0,1540000
9,5,2005,2006,10,4,2,1,1898,253,2,171,3,65,0,4371540
9,5,2007,2007,6,2,2,0,726,173,1,173,2,57,0,3180610
7,5,1986,1986,6,2,1,1,489,134,1,134,2,41,0,1900000
5,6,1941,1950,5,3,1,0,843,103,0,57,1,18,0,950000
6,8,1928,2003,5,2,1,0,791,66,0,57,2,44,0,1059000
6,5,1940,2000,6,2,1,0,780,148,2,87,1,22,0,1400000
6,5,1995,1995,6,3,2,0,1045,111,0,111,2,48,0,1775000
6,6,1992,1992,6,3,2,0,859,108,0,107,2,37,0,1730000
5,5,1976,1976,6,3,1,1,392,106,1,106,2,49,0,1340000
5,4,1958,1958,6,3,1,0,643,125,0,98,1,26,0,1300000
8,5,1998,1998,7,3,2,1,1115,178,1,100,2,54,0,2800000
6,6,1978,1978,5,2,1,0,700,84,1,82,2,43,0,1560000
5,5,1940,1982,8,3,1,0,849,139,0,82,1,22,0,1450000
7,5,2003,2003,7,4,3,0,678,178,1,0,2,62,0,1985000
6,8,1972,2007,5,2,1,1,156,91,0,44,1,24,0,1180000
6,5,1976,1976,6,3,2,1,1746,146,1,73,2,52,0,1900000
5,7,1920,1997,6,3,1,0,993,124,0,62,1,43,0,1470000
6,5,1963,1963,6,3,1,1,882,129,2,129,2,47,0,1590000
6,5,1962,1962,6,3,1,0,850,132,1,102,1,27,0,1650000
5,6,1954,1954,7,2,1,0,724,117,1,117,1,22,0,1320000
5,7,1959,2006,7,3,1,0,913,119,1,98,2,53,0,1620000
6,5,2000,2000,7,3,2,1,754,154,1,88,2,42,0,1724000
4,4,1959,1959,7,4,2,0,1590,147,1,0,2,63,0,1344320
6,5,1984,1984,4,2,1,0,666,69,0,69,1,24,0,1250000
5,6,1953,1953,5,3,1,0,987,122,0,56,1,25,0,1230000
7,5,2003,2004,8,4,2,1,761,179,1,78,2,40,0,2195000
1,1,1922,1950,4,1,0,1,930,83,0,63,0,0,0,610000
5,5,1996,1996,5,2,1,0,821,84,0,80,2,53,0,1480000
8,5,2004,2005,8,4,3,0,1035,229,1,146,2,56,0,3400000
9,2,2010,2010,8,1,1,1,1058,172,1,172,3,77,0,3944320
6,5,2000,2000,7,3,2,1,754,167,1,91,2,43,0,1790000
5,6,1924,1950,6,3,2,0,464,157,1,95,1,28,0,1270000
7,5,2006,2006,5,2,2,0,668,120,1,120,2,53,0,1877500
7,5,2006,2006,8,3,2,1,858,166,0,87,2,59,0,2135000
6,3,1928,1950,5,2,1,0,836,72,0,72,2,33,0,760000
6,5,1992,1992,9,3,2,1,4933,181,2,146,2,46,0,2400000
8,5,2004,2005,6,2,2,0,295,117,1,116,2,39,0,1920000
5,3,1910,1996,8,5,1,0,781,109,0,61,0,0,0,810000
6,6,1976,1976,6,3,1,0,668,104,1,96,1,32,0,1250000
7,5,1999,2000,6,3,2,0,871,137,0,136,2,53,0,1910000
10,5,2007,2008,9,3,2,1,1158,216,1,156,3,78,0,4260000
5,8,1900,1950,7,4,1,0,780,126,0,79,1,35,0,1190000
6,5,2001,2002,7,3,2,1,1134,182,1,74,2,52,0,2150000
5,7,1959,1959,5,3,1,0,774,81,0,0,1,27,0,1065000
4,5,1941,1950,4,2,1,0,691,73,2,73,0,0,0,1000000
5,6,1940,1950,5,2,1,0,941,96,0,68,1,22,0,1090000
5,6,1956,1956,6,3,1,0,889,106,0,106,1,55,0,1290000
5,5,1972,1972,6,2,1,0,668,83,0,83,2,55,0,1230000
5,5,1962,1962,8,4,2,0,705,168,1,80,1,24,0,1695000
5,2,1920,1950,6,2,1,0,833,100,0,89,1,31,0,670000
7,5,2006,2007,7,2,2,0,754,143,0,101,2,40,0,2410000
8,5,1996,1996,4,1,1,1,1390,119,2,117,2,46,0,2455000
7,5,2005,2005,6,3,2,0,814,121,1,121,2,37,0,1649900
5,8,1940,1997,4,2,1,0,947,62,0,62,1,22,0,1080000
8,5,1998,1998,10,4,2,1,1123,210,1,105,2,39,0,2580000
6,5,1995,1996,7,3,2,1,962,146,1,74,2,34,0,1680000
4,4,1976,1993,8,3,2,0,928,150,1,119,2,45,0,1500000
6,5,1936,1950,6,3,1,0,973,152,0,98,1,22,0,1150000
6,7,1915,1976,8,4,2,0,1447,156,0,78,1,28,0,1770000
7,5,2006,2006,9,3,2,1,1314,201,1,98,3,87,0,2800000
8,5,2007,2008,8,3,2,1,1003,193,1,96,3,77,0,3397500
5,3,1958,1958,5,3,1,0,889,118,0,118,1,32,0,600000
5,5,1955,1955,5,3,1,0,3218,98,0,98,2,53,0,1450000
7,5,2009,2009,7,2,2,1,409,137,1,136,2,44,0,2220000
5,6,1927,1950,5,2,1,0,832,95,1,93,2,33,0,1150000
7,5,1993,1993,9,3,2,1,1043,194,1,100,3,62,0,2280000
7,5,2007,2007,6,3,2,0,826,124,0,124,2,36,0,1811340
6,7,1978,1978,6,3,1,1,728,130,1,62,2,40,0,1495000
6,6,1918,1950,10,4,2,1,2082,243,1,127,3,80,0,2390000
5,6,1940,1950,7,3,1,1,758,105,0,70,1,22,0,1260000
5,6,1968,1968,6,3,1,0,785,98,1,98,1,28,0,1420000
7,5,1997,1998,8,2,2,0,655,124,0,124,4,72,0,2063000
6,7,1977,2000,8,3,2,0,1545,148,1,148,2,49,0,2150000
5,5,1954,1954,4,2,1,0,2020,91,0,91,2,48,0,1130000
8,5,1998,1998,8,4,2,1,854,244,1,136,3,64,0,3150000
6,5,1956,1956,6,2,1,0,836,111,1,111,1,27,0,1390000
7,8,1946,1992,6,3,1,1,313,129,2,60,1,22,0,1350000
7,5,1989,1989,5,2,2,0,1189,152,1,141,2,52,0,2750000
4,6,1957,1957,5,3,1,0,798,84,0,84,1,32,0,1090080
7,5,2007,2007,6,2,2,0,628,112,0,112,2,58,0,1954000
6,5,1988,1988,6,3,2,0,1064,131,1,129,2,53,0,1750000
6,5,1971,1971,4,2,1,1,156,91,0,44,1,24,0,854000
6,7,1920,1998,7,4,1,0,518,111,0,83,0,0,0,799000
5,5,1971,1971,6,2,1,1,178,126,0,71,2,40,0,1225000
6,5,1997,1998,7,3,2,1,1006,149,1,86,2,43,0,1810000
4,7,1972,1972,3,1,1,0,175,58,0,58,0,0,0,810000
7,6,1996,1996,6,3,2,1,990,154,1,74,2,51,0,2120000
6,8,1920,1950,6,2,1,0,408,103,0,60,2,40,0,1160000
6,7,1926,2004,4,2,1,0,557,83,0,82,1,16,0,1190000
5,6,1913,2002,4,2,1,0,397,64,1,40,1,32,0,903500
6,8,1920,2000,7,3,1,0,1147,111,0,63,2,49,0,1100000
10,5,2008,2008,10,2,2,0,1433,223,2,287,3,62,0,5550000
4,4,1955,1955,8,4,2,0,1124,133,0,133,0,0,0,1180000
5,7,1930,1992,8,3,2,0,579,146,1,100,2,33,0,1629000
7,5,2006,2007,6,2,2,0,364,116,1,116,3,60,0,1725000
7,5,1994,1995,8,4,2,1,812,177,1,85,2,45,0,2100000
6,5,1956,1956,7,3,1,0,915,156,1,133,2,44,0,1275000
6,6,1966,2002,6,2,2,1,1532,175,1,140,2,53,0,1900000
7,5,1998,1999,10,4,2,1,1041,175,1,86,2,40,0,1999000
6,6,1937,1950,7,3,2,0,798,127,1,72,1,18,0,1195000
3,7,1948,2002,6,2,1,1,557,109,0,60,1,28,0,1200000
6,8,1930,2005,5,2,1,0,528,75,0,75,1,25,0,1100000
7,5,1975,1975,5,2,2,0,6573,142,2,142,2,53,0,2800000
6,5,1996,1997,7,3,2,1,864,163,0,81,2,39,0,2040000
8,5,2008,2008,6,3,2,1,836,147,0,71,2,62,0,2100000
5,5,1976,1976,8,4,2,0,863,160,0,160,2,52,0,1880000
7,6,1973,1973,6,3,1,1,891,115,1,115,2,49,0,1755000
5,5,1916,1950,7,4,1,0,424,124,0,57,3,47,0,980000
4,6,1954,1994,6,2,1,0,4944,154,2,126,2,49,0,2560000
8,7,1925,1996,7,3,1,0,473,154,1,54,1,21,0,1610000
5,4,1950,1950,5,3,1,0,651,111,1,65,1,32,0,1100000
8,5,2009,2009,8,3,2,1,743,179,0,77,2,51,0,2634350
7,9,1936,2007,6,3,1,0,668,105,0,52,2,53,0,1550000
5,5,1965,1965,5,3,1,0,769,80,1,80,1,33,0,623830
6,7,1934,1995,6,3,1,1,1113,154,1,66,1,22,0,1887000
5,5,1978,1978,5,3,2,0,783,96,0,96,0,0,0,1240000
7,5,2004,2004,6,2,2,0,285,131,1,127,2,36,0,1787400
7,5,1970,1970,5,2,1,0,987,118,1,118,2,48,0,1670000
5,7,1942,1995,7,3,1,1,880,152,2,67,1,28,0,1465000
8,5,2006,2006,7,3,2,0,1061,151,1,151,3,80,0,2500000
6,5,1993,1993,7,3,2,1,863,158,0,77,2,47,0,1870000
8,5,1985,1985,4,1,1,1,633,139,0,138,2,49,0,2120000
7,6,1977,1977,8,3,2,1,1110,182,1,75,2,49,0,1900000
6,5,2005,2005,5,2,1,0,341,99,0,50,2,48,0,1480000
8,5,2006,2007,7,2,2,0,1391,183,1,183,3,84,0,4400000
8,5,2000,2000,6,2,2,0,495,153,0,138,2,46,0,2510000
5,6,1963,1963,5,2,1,0,787,90,0,90,2,57,0,1325000
6,5,1997,1998,7,3,2,0,1219,138,1,137,2,47,0,2089000
9,5,2006,2006,9,3,2,1,1272,245,1,200,3,64,0,3800000
8,5,2007,2008,7,3,2,0,988,159,1,158,3,76,0,2970000
4,7,1937,2000,7,2,1,0,550,105,0,84,2,62,0,894710
9,5,2004,2005,8,3,2,0,1489,171,1,170,3,71,0,3260000
9,5,2003,2004,6,2,2,0,1100,166,1,166,3,81,0,3740000
7,8,1915,2005,7,4,1,1,232,169,1,84,1,15,0,1550000
6,5,1998,1998,5,2,2,0,418,112,0,112,2,37,0,1640000
5,7,1962,2001,6,3,1,0,720,92,0,92,1,24,0,1325000
5,7,1950,2007,5,3,1,0,891,103,1,103,1,24,0,1470000
5,7,1965,1965,6,3,1,1,955,99,0,99,2,47,0,1560000
5,6,1971,1971,7,3,2,0,1137,137,1,137,2,45,0,1750000
5,4,1900,1970,10,3,2,0,1003,224,1,88,2,48,0,1600000
4,8,1970,2002,3,1,1,0,141,58,0,58,1,26,0,860000
5,6,1976,1976,4,3,1,1,247,121,1,24,1,31,0,1150000
6,7,1941,1950,5,3,1,0,881,146,2,74,1,22,0,1330000
6,5,2006,2006,8,3,2,1,1447,135,0,67,2,39,0,1727850
5,6,1960,1960,6,3,1,1,736,117,1,117,1,28,0,1550000
5,8,1938,1996,4,2,1,0,537,82,0,17,1,25,0,913000
4,5,1920,1950,4,2,1,0,731,66,0,66,0,0,0,349000
8,5,1992,1993,10,4,3,0,1179,299,1,297,2,50,0,4300000
7,6,1925,1950,8,4,2,0,847,169,0,95,1,22,0,1840000
5,7,1967,2004,5,3,1,0,724,83,0,80,1,26,0,1300000
5,7,1958,1985,5,2,1,0,700,84,0,84,1,27,0,1200000
6,5,1973,1973,7,3,1,1,175,113,0,62,1,24,0,1130000
7,5,2005,2005,7,3,2,1,910,164,0,80,2,56,0,2267000
5,7,1965,1965,6,2,1,0,851,112,0,112,2,42,0,1400000
7,8,1959,1997,6,1,2,0,1449,167,2,139,2,44,0,2890000
6,5,1974,1974,6,3,2,1,214,122,1,79,2,40,0,1470000
5,5,1952,1952,10,4,2,0,705,182,0,89,2,37,0,1245000
8,5,1993,1994,8,3,2,1,887,177,1,72,2,43,0,2150000
6,5,2009,2009,4,2,2,0,730,113,0,113,2,62,0,2083000
7,9,1928,2005,7,3,2,0,891,128,1,64,2,33,0,1610000
5,6,1959,1959,6,3,1,0,891,96,0,96,1,25,0,1245000
5,7,1951,2000,6,2,1,0,1352,126,2,93,1,26,0,1649000
7,5,2005,2006,6,2,2,0,630,127,1,127,2,44,0,2026650
5,5,1958,1958,5,3,1,0,845,80,0,80,2,57,0,1299000
6,5,1983,1983,5,3,1,1,853,100,0,100,2,44,0,1340000
5,5,1926,1950,5,2,1,0,984,73,0,71,1,18,0,965000
10,5,2009,2009,9,3,2,1,1135,187,1,186,3,83,0,4028610
6,6,1972,1972,7,3,2,1,970,196,1,64,2,54,0,1580000
7,5,1996,1997,7,3,2,1,948,217,1,117,3,82,0,2650000
6,5,1998,1998,7,3,2,1,885,166,0,73,2,50,0,2110000
7,9,1926,2004,9,3,1,1,1014,193,2,118,1,26,0,2340000
4,7,1900,2000,7,3,2,0,1003,120,0,0,0,0,0,1062500
6,6,1957,1957,6,3,1,1,1113,115,2,115,1,31,0,1500000
6,7,1947,1950,7,3,2,0,464,154,2,93,2,39,0,1590000
10,5,2007,2008,11,3,3,1,3724,434,1,291,3,82,0,1847500
7,5,1996,1997,8,3,2,1,1095,222,1,128,3,77,0,3157500
7,5,2005,2005,6,3,2,0,696,117,1,116,2,42,0,1760000
5,7,1956,2000,4,2,1,0,1235,86,0,86,1,23,0,1320000
9,5,2008,2008,11,3,2,1,1388,252,1,134,3,79,0,4462610
4,7,1920,2002,5,2,1,0,845,56,0,49,0,0,0,860000
6,3,1957,1975,9,4,3,0,3034,233,2,189,2,44,0,2006240
6,5,1988,1989,5,3,2,0,947,140,1,135,2,55,0,1750000
6,8,1920,1999,6,3,2,0,571,126,0,56,2,46,0,1280000
5,7,1955,2007,5,2,1,0,668,76,1,0,1,36,0,1075000
1,3,1946,1950,2,1,1,0,464,31,0,0,0,0,0,393000
8,5,2004,2004,6,3,2,1,841,131,1,65,2,37,0,1780000
5,7,1910,1991,5,3,1,0,650,125,0,103,0,0,0,1075000
7,5,1998,1999,8,3,2,1,829,160,0,81,2,48,0,1880000
4,5,1972,1972,5,3,1,0,1183,80,0,80,2,53,0,1112500
5,5,1968,1968,7,3,1,1,1073,107,1,97,1,31,0,1580000
8,5,2001,2002,6,3,2,0,1061,148,1,146,2,62,0,2720000
9,5,2006,2006,8,2,2,0,1356,170,1,170,3,71,0,3150000
8,5,2000,2000,8,4,2,1,1021,212,1,90,3,60,0,2480000
7,5,1998,1999,7,3,2,0,942,156,1,153,2,54,0,2132500
7,5,1998,1998,4,1,1,0,376,71,0,67,1,34,0,1330000
7,5,2006,2006,7,3,2,1,1588,138,1,60,2,39,0,1796650
7,5,1988,1988,9,4,2,1,1285,202,0,111,3,73,0,2290000
6,7,1923,1950,6,3,1,1,811,151,1,98,2,40,0,2100000
5,7,1970,1970,5,2,1,0,672,71,0,71,2,57,0,1295000
5,7,1955,1995,4,2,1,0,765,76,0,76,2,66,0,1250000
7,5,2003,2004,8,4,2,1,870,194,1,84,2,57,0,2630000
6,6,1977,1977,4,2,2,0,375,99,0,99,2,40,0,1400000
5,6,1957,1957,5,3,1,0,557,86,0,86,1,26,0,1125000
8,5,2006,2006,7,3,2,0,1035,159,1,158,3,84,0,2555000
4,5,1949,2003,5,2,2,0,815,104,0,0,2,48,0,1080000
7,5,2003,2004,8,3,2,1,987,190,1,92,3,80,0,2840000
5,6,1922,1950,5,2,1,0,592,97,1,92,1,26,0,1130000
5,5,1957,1957,6,2,1,0,1379,101,1,101,1,27,0,1410000
4,6,1920,1950,7,3,1,1,1025,124,0,59,1,52,0,1080000
7,5,1996,1997,6,3,2,1,2031,134,1,67,2,37,0,1750000
7,5,2003,2004,7,2,2,0,296,144,1,127,2,39,0,2340000
5,6,1957,1996,5,3,1,1,1053,129,1,129,2,49,0,1215000
5,5,1974,1975,6,2,1,0,929,129,1,129,2,38,0,1700000
5,6,1940,1969,6,3,1,0,1291,92,1,92,0,0,0,1080000
6,7,1918,1950,8,4,2,0,2023,155,1,108,2,36,0,1850000
7,5,1992,2000,9,4,2,1,1239,213,1,101,2,54,0,2680000
6,4,1915,1950,6,4,1,1,637,153,0,74,1,20,0,1280000
9,5,2005,2007,11,4,2,1,1040,232,1,104,3,60,0,3250000
7,5,2004,2004,7,3,2,0,944,142,0,140,2,49,0,2140000
8,8,1983,2009,5,1,1,1,1145,198,1,138,2,56,0,3166000
5,5,1979,1979,4,2,1,0,653,87,2,87,2,55,0,1359600
5,5,1965,1965,10,6,2,0,1217,160,0,160,2,53,0,1426000
6,6,1959,1959,4,2,1,0,681,80,0,80,1,26,0,1200000
7,5,2009,2009,6,3,2,1,1222,157,0,78,2,60,0,2245000
7,5,2000,2000,8,3,2,1,925,132,1,35,2,37,0,1700000
5,7,1971,2005,5,3,1,0,975,103,0,34,1,26,0,1390000
5,5,1947,1950,6,2,1,0,787,112,0,77,1,31,0,1185000
7,7,1928,1950,6,3,2,0,584,137,1,79,1,20,0,1450000
5,6,1966,1966,6,3,1,0,1094,122,2,108,2,52,0,1645000
7,5,2007,2007,5,2,2,0,334,129,0,64,2,50,0,1460000
5,5,1954,1954,7,4,2,0,1128,166,0,97,1,32,0,1315000
6,6,1960,1987,7,3,1,0,1354,132,2,106,2,53,0,1819000
8,5,2008,2009,8,3,2,1,1180,189,1,189,3,129,0,2532930
6,5,1990,1990,5,3,1,0,1100,75,0,75,0,0,0,1185000
10,9,1893,2000,9,3,3,1,1254,257,1,114,2,81,0,3250000
4,7,1935,1995,6,3,1,0,568,146,0,82,1,22,0,1330000
8,5,2005,2006,7,2,2,0,1063,188,2,173,3,81,0,3699000
6,7,1918,2000,5,2,1,0,953,77,0,75,1,25,0,1300000
5,6,1982,1982,4,2,1,0,811,79,0,78,2,49,0,1370000
5,8,1968,2003,5,1,1,0,2331,136,2,133,1,41,0,1430000
5,6,1930,1960,4,2,1,0,845,86,0,68,1,28,0,795000
7,5,2004,2004,6,3,2,1,772,146,0,71,2,48,0,1859000
10,5,2008,2008,10,3,2,1,1252,213,1,159,3,78,0,4519500
5,8,1982,2003,4,2,1,0,613,75,0,75,2,75,0,1380000
6,5,2003,2003,4,1,1,0,412,78,0,78,2,39,0,1400000
5,6,1975,1975,5,3,1,0,742,85,0,85,1,26,0,1100000
8,5,2005,2006,7,3,2,0,1049,169,1,168,3,70,0,3190000
6,7,1910,1993,7,3,1,0,334,127,0,63,1,20,0,1145040
7,5,2006,2007,7,2,0,2,364,130,1,116,3,60,0,1942010
5,6,1977,1977,7,3,2,0,1206,153,1,132,2,57,0,2175000
6,6,1980,1980,6,3,2,1,181,144,1,66,2,41,0,1510000
8,5,2005,2005,8,3,2,1,1015,176,1,98,2,68,0,2750000
6,6,1937,1950,6,3,1,1,836,127,1,72,1,50,0,1410000
8,5,1992,1992,8,3,2,1,932,177,1,84,2,47,0,2200000
7,5,2004,2005,4,2,2,1,295,111,0,55,2,44,0,1510000
7,5,2002,2002,6,3,2,0,1189,138,1,138,2,49,0,2210000
7,6,1965,1990,7,3,2,1,1263,184,3,71,2,45,0,2050000
5,5,1996,1996,6,3,1,0,1157,96,0,96,2,53,0,1520000
5,8,1948,2002,8,3,3,0,724,186,0,83,1,21,0,2250000
8,6,1934,1998,10,4,2,1,1130,296,2,89,2,35,0,3591000
4,5,1961,1961,5,3,1,0,737,95,0,95,1,24,0,1185000
9,5,2000,2000,8,3,2,1,1026,200,2,133,3,68,0,3130000
6,6,1978,1978,6,3,2,0,965,95,1,95,2,52,0,1480000
8,5,2001,2001,7,3,2,1,1104,173,1,120,2,49,0,2615000
5,5,2007,2007,6,3,1,0,780,104,0,104,0,0,0,1470000
4,6,1972,1972,3,1,1,0,138,58,0,58,0,0,0,755000
6,7,1963,1963,6,3,1,0,817,97,0,86,2,44,0,1375000
6,5,2002,2003,7,3,2,1,730,140,1,72,2,36,0,1832000
6,6,1954,1954,4,2,1,0,671,77,0,77,2,49,0,1055000
9,5,2007,2007,9,3,2,0,1086,169,1,169,3,71,0,3148130
8,5,2003,2003,10,4,2,1,1137,210,2,137,3,69,0,3050000
3,3,1914,1950,5,2,1,0,766,80,0,80,0,0,0,670000
6,7,1974,1997,9,4,2,1,1003,242,1,141,2,57,0,2400000
5,6,1977,1977,6,3,1,0,656,91,0,91,2,44,0,1350000
6,5,2000,2000,4,2,2,1,196,140,1,70,2,40,0,1685000
6,5,1972,1972,8,4,1,2,966,166,1,68,2,44,0,1651500
6,6,1962,1962,5,3,1,1,929,103,0,103,2,40,0,1600000
5,5,1960,1978,6,3,1,0,1146,132,1,90,1,26,0,1399000
6,6,1955,1972,7,3,1,0,891,141,2,107,1,33,0,1530000
5,5,1969,1969,9,5,1,2,1078,193,2,96,2,46,0,1350000
6,5,1964,1964,6,3,1,1,837,125,0,115,2,48,0,1685000
5,6,1880,1991,8,3,1,0,836,162,0,59,1,22,0,1240000
8,5,2006,2006,6,2,2,0,426,144,1,144,2,58,0,2095000
7,5,1977,1977,6,3,2,0,1105,131,1,128,2,50,0,825000
5,7,1954,2005,6,3,1,0,859,98,0,98,1,24,0,1394000
6,5,1980,1980,4,0,0,0,648,98,0,98,2,53,0,1440000
6,7,1914,1995,14,8,2,0,1012,315,0,133,0,0,0,2000000
2,3,1936,1950,4,1,1,0,568,74,1,24,0,0,0,600000
5,4,1954,1954,7,3,2,0,557,128,0,75,1,23,0,930000
5,7,1910,1950,4,2,1,0,815,73,0,73,0,0,0,850000
8,5,2006,2006,7,1,2,0,369,145,1,141,3,60,0,2645610
8,5,2003,2004,6,1,1,1,1177,141,1,141,2,54,0,2740000
7,5,2001,2001,7,3,2,1,654,179,1,98,2,60,0,2260000
8,7,1972,1995,9,4,2,1,1287,251,3,181,2,49,0,3450000
5,5,1969,1969,7,4,2,1,1002,150,0,72,2,42,0,1520000
9,5,2009,2009,7,2,2,1,853,164,1,164,3,44,0,3708780
6,5,1971,1971,5,3,1,1,978,91,0,91,2,53,0,1432500
5,5,1950,1950,7,3,1,0,668,97,0,0,2,39,0,983000
6,5,1953,1953,5,3,1,0,970,101,2,101,2,45,0,1550000
6,5,1966,1966,7,4,1,1,715,170,1,70,2,41,0,1550000
4,6,1970,1970,3,1,1,0,179,58,0,58,0,0,0,845000
7,6,2007,2007,7,3,2,1,754,154,0,75,2,52,0,2059500
4,5,1940,1950,7,4,1,0,843,140,1,70,1,27,0,1080000
7,5,1996,1996,7,2,2,1,812,159,1,81,2,47,0,1910000
6,7,1906,1995,7,3,1,0,958,136,0,70,1,20,0,1350000
8,6,1995,1995,7,2,2,1,969,196,1,195,3,77,0,3500000
6,5,1971,1971,6,3,1,1,156,101,0,48,1,24,0,880000
5,7,1959,2006,5,3,1,1,929,97,0,97,1,28,0,1455000
7,6,1931,2000,6,3,1,1,668,139,1,72,1,25,0,1490000
6,5,1948,1950,6,3,1,0,1626,135,1,84,1,30,0,975000
5,7,1964,1999,7,3,1,0,923,138,0,138,2,44,0,1670000
7,7,1976,1976,7,3,2,1,1150,179,1,73,2,51,0,1979000
8,7,1994,2005,8,4,2,1,4328,227,1,151,3,66,0,4020000
6,3,1968,1968,5,2,1,0,1259,129,2,129,2,53,0,1100000
4,5,1972,1972,6,3,2,0,930,109,0,105,2,54,0,1375000
8,5,2005,2006,8,1,1,1,1941,194,1,192,3,105,0,4230000
8,5,2000,2000,7,3,2,1,1039,179,1,130,2,46,0,2305000
6,5,1965,1979,7,3,2,1,1714,221,1,94,2,55,0,1290000
6,5,1994,1998,7,3,2,0,754,155,1,130,2,53,0,1935000
5,6,1956,1987,6,3,1,1,1316,133,1,110,2,53,0,1680000
4,5,1922,1950,5,2,1,0,1077,109,1,65,1,23,0,1375000
6,5,2005,2005,7,3,2,1,802,137,0,68,2,50,0,1735000
6,6,1925,1950,6,3,2,0,615,127,0,62,1,27,0,1036000
6,6,1977,1977,6,3,1,1,1045,112,1,112,2,50,0,1650000
6,7,1957,2004,7,3,2,0,1341,170,2,137,2,38,0,2575000
6,6,1965,1965,5,3,1,0,854,105,1,105,1,35,0,1400000
6,6,1978,1978,7,3,2,1,212,133,1,79,2,40,0,1485000
4,2,1900,1950,8,4,2,0,891,164,0,101,3,72,0,870000
5,8,1924,2006,5,2,1,0,838,73,0,71,1,22,0,1095000
8,5,2008,2008,7,3,2,1,1100,190,1,190,3,77,0,3725000
5,5,1961,1961,5,3,1,0,923,91,0,91,2,53,0,1285000
6,5,1980,1980,5,2,2,0,744,85,1,85,1,24,0,1430000
5,5,1932,2000,6,3,1,0,418,141,0,73,1,26,0,1594340
6,5,1996,1997,6,2,1,0,268,119,1,119,2,40,0,1730000
9,5,2002,2002,7,3,2,0,1044,154,1,151,3,65,0,2850000
7,5,1998,1998,7,4,2,1,1557,170,0,111,2,45,0,2210000
7,5,1984,1984,6,3,2,0,470,194,1,110,2,53,0,2075000
7,6,2007,2007,7,3,3,0,948,163,0,81,2,53,0,2278750
7,5,2004,2004,4,2,2,1,474,102,0,51,2,44,0,1488000
8,6,2007,2007,7,2,2,0,751,131,1,131,2,52,0,3920000
6,5,2005,2006,6,2,2,0,703,126,1,126,2,42,0,1947000
6,5,2004,2004,3,1,1,0,411,78,1,78,2,39,0,1410000
10,6,1994,1995,10,4,3,1,2000,400,2,227,3,77,0,7550000
7,5,1989,1990,9,4,2,1,2431,234,2,112,2,58,0,3350000
5,6,1921,1968,4,2,1,0,501,99,0,99,1,30,0,1084800
5,6,1936,1950,5,3,1,1,568,142,0,86,2,53,0,1415000
6,6,1987,1987,5,2,2,0,1283,105,1,103,2,51,0,1760000
5,7,1921,1950,4,2,1,0,557,57,0,57,1,19,0,890000
5,7,1952,1952,6,2,1,0,596,106,0,91,1,28,0,1235000
5,8,1965,2009,5,3,1,0,785,83,1,83,1,31,0,1385000
7,5,2004,2004,5,2,2,0,397,129,0,129,2,49,0,1960000
8,5,2002,2002,7,3,2,0,1331,167,1,167,3,71,0,3125000
7,5,1969,1969,6,3,1,1,891,108,0,108,2,49,0,1400000
8,5,2006,2006,10,4,2,1,1155,239,1,114,3,61,0,3619190
5,9,1900,1996,8,4,2,0,708,168,1,33,2,62,0,1400000
7,5,2004,2005,7,3,2,0,780,137,0,136,2,56,0,2130000
4,5,1930,1950,7,3,2,0,520,101,0,0,0,0,0,550000
7,5,1971,2002,5,2,2,0,10697,169,2,152,2,68,0,3020000
8,5,2006,2006,6,2,2,0,579,122,1,122,2,51,0,2540000
7,5,2007,2007,8,3,2,1,837,135,1,67,2,37,0,1795400
5,7,1966,1966,6,3,1,0,665,83,0,81,1,37,0,1099000
3,6,1935,2003,5,2,1,0,383,67,0,25,0,0,0,520000
4,7,1900,1950,7,2,1,0,809,109,0,79,1,35,0,1027760
8,5,1988,1989,5,2,2,0,433,114,1,114,2,43,0,1890000
4,5,1970,1970,6,3,1,0,917,89,0,89,2,53,0,1290000
6,8,1976,2005,6,3,2,1,1255,137,0,67,2,44,0,1305000
6,5,1974,1974,7,3,2,0,942,125,1,98,2,44,0,1650000
7,8,1890,1998,8,3,1,1,1003,237,0,66,2,65,0,1595000
5,6,1973,2000,5,3,1,1,929,109,1,109,2,40,0,1570000
7,5,1993,1994,9,3,2,1,979,224,1,121,3,91,0,3410000
5,6,1969,1969,5,3,1,1,921,90,1,90,1,27,0,1285000
8,5,1985,1985,5,2,2,0,609,161,1,161,2,52,0,2750000
6,5,2004,2004,3,1,1,0,411,78,0,78,2,39,0,1430000
4,7,1970,1970,5,3,1,0,754,80,0,80,2,43,0,1245000
4,6,1954,1972,7,4,2,0,759,136,0,87,1,50,0,1350000
9,5,2007,2008,8,3,2,0,1234,157,1,157,3,71,0,3200000
4,6,1970,1970,5,3,1,0,646,80,0,80,2,61,0,1205000
6,9,1988,2007,5,3,2,0,2015,156,1,81,2,50,0,2220000
7,5,2007,2007,6,2,2,0,679,114,0,114,2,58,0,1945000
5,5,1958,1958,9,4,2,0,1066,164,0,147,3,82,0,1100000
4,5,1925,1950,5,2,1,0,579,112,0,72,2,50,0,1030000
8,5,1995,1996,5,2,2,0,500,150,1,148,2,56,0,2365000
7,5,2003,2003,6,3,2,0,890,106,1,80,2,40,0,1875000
7,5,1998,1999,8,3,2,1,1059,188,1,107,2,50,0,2225000
5,6,1961,1983,6,3,1,0,929,106,1,80,1,24,0,1314000
5,5,1968,1968,6,3,1,0,834,88,0,88,1,27,0,1080000
7,7,1914,1970,6,2,1,1,1003,164,2,81,2,29,0,1630000
3,4,1950,1950,6,2,2,0,793,96,0,0,2,37,0,935000
8,5,2005,2005,8,3,2,1,972,167,1,82,3,74,0,2399000
5,5,1987,1988,5,3,3,0,1003,111,0,111,0,0,0,1790000
7,5,2004,2004,7,3,2,1,865,160,0,80,2,53,0,1900000
5,7,1910,2002,7,2,2,0,891,133,0,24,2,33,0,1320000
6,8,1961,1996,5,3,1,0,628,84,0,84,1,26,0,1420000
7,5,2000,2001,6,3,2,0,785,125,0,125,2,50,0,1790000
5,6,1963,1999,6,3,2,0,1197,136,1,48,2,44,0,1750000
8,5,1993,1993,5,2,2,0,501,124,1,124,2,42,0,1800000
8,9,1976,1996,11,4,3,1,832,252,2,106,2,77,0,2998000
7,5,2000,2000,8,4,2,1,817,209,1,88,2,51,0,2360000
7,7,1880,2003,8,4,1,1,1086,245,1,115,4,80,0,2659790
7,5,1996,1996,7,3,2,0,984,159,1,159,2,48,0,2604000
4,3,1945,1950,9,4,2,0,780,142,0,0,1,22,0,980000
4,7,1910,2004,7,3,1,0,817,105,0,53,0,0,0,965000
7,5,2003,2003,6,3,2,1,719,122,0,61,2,37,0,1620000
6,5,1997,1997,6,3,2,0,858,138,0,137,2,53,0,2170000
8,5,2005,2005,8,3,2,1,951,194,1,95,3,81,0,2755000
6,8,1969,2005,5,3,1,0,736,95,0,95,2,40,0,1560000
6,5,1999,1999,6,3,2,1,300,136,0,67,2,40,0,1725000
8,5,2007,2007,7,3,2,1,1000,164,0,80,2,53,0,2120000
6,5,1978,1978,6,3,2,1,1079,128,1,62,2,40,0,1589000
7,5,1999,1999,6,3,2,1,211,139,0,69,2,40,0,1794000
8,5,1995,1995,9,4,2,1,1138,235,1,122,3,69,0,2900000
6,6,1959,1959,5,2,1,0,845,80,0,80,1,27,0,1275000
5,5,1924,1950,5,2,1,0,642,120,0,106,2,40,0,1000000
7,5,2009,2009,7,3,2,1,802,143,0,70,2,57,0,2152000
8,5,1999,1999,8,3,2,1,876,219,1,116,3,79,0,3370000
8,5,1995,1996,6,2,1,1,887,138,1,138,2,44,0,2700000
9,5,2008,2008,6,2,2,0,1355,139,1,139,2,54,0,2641320
7,5,1988,1988,7,3,2,1,968,159,1,91,2,46,0,1965000
6,7,1940,1985,7,4,2,0,1161,162,0,91,1,39,0,1600000
7,5,2004,2005,8,3,2,0,845,170,1,172,2,44,0,2168370
8,5,2003,2003,12,4,3,1,4970,304,1,153,3,78,0,5380000
5,5,1982,1982,5,2,1,0,673,79,0,79,2,53,0,1349000
4,5,1951,1951,6,2,1,0,824,113,0,77,2,36,0,1020000
6,5,1976,1976,6,3,1,0,726,103,1,95,2,62,0,1070000
5,5,1958,1958,5,2,1,0,942,84,0,84,1,25,0,1145000
8,5,2006,2006,9,3,2,0,1321,183,1,179,3,83,0,3950000
6,5,1998,1998,5,2,2,0,418,111,0,111,2,38,0,1620000
7,5,2005,2006,7,3,2,0,1041,149,0,149,3,80,0,2215000
5,5,1974,1974,5,3,1,0,1240,83,1,80,2,40,0,1425000
5,5,1977,1977,10,4,2,0,780,187,2,0,2,58,0,1440000
6,5,1977,1977,4,2,1,0,978,93,0,90,2,46,0,1350000
7,5,1995,1996,6,3,2,0,731,116,1,114,2,37,0,1760000
6,5,1992,1992,7,3,2,1,664,148,0,70,2,44,0,1759000
7,5,2001,2002,6,3,2,0,1512,132,0,131,2,56,0,1871000
5,6,1978,1978,4,1,1,0,845,103,1,101,2,55,0,1655000
6,6,1914,2001,9,3,2,0,585,137,1,68,0,0,0,1280000
6,5,1967,1967,7,3,2,0,909,124,1,127,2,42,0,1615000
5,6,1915,1950,7,4,2,0,1003,153,0,63,1,38,0,1390000
7,5,2004,2004,8,4,2,1,942,193,0,88,2,57,0,2330000
4,7,1954,2000,4,2,1,0,557,83,0,83,1,26,0,1079000
6,8,1966,2007,9,5,2,1,1133,193,0,77,2,41,0,1875000
7,5,2005,2006,5,2,2,0,295,106,1,106,2,36,0,1602000
6,5,1976,1976,5,3,1,0,1052,98,2,95,2,50,0,1468000
7,5,1996,1997,8,3,2,1,921,187,1,103,2,42,0,2697900
8,5,2007,2007,7,3,2,0,850,138,0,138,2,44,0,2250000
7,5,1994,1996,7,3,2,1,1006,176,1,66,2,37,0,1945000
6,6,1980,1981,7,3,2,1,780,145,1,60,2,44,0,1710000
6,5,1977,1977,7,3,1,1,761,119,1,61,2,49,0,1435000
5,5,1953,1953,4,2,1,0,713,71,0,71,1,22,0,1100000
9,5,2008,2009,11,4,3,1,1255,291,2,178,3,76,0,4850000
5,7,1937,1950,7,3,1,1,668,164,2,67,1,22,0,1750000
6,5,1997,1997,8,4,2,1,1188,156,0,57,2,56,0,2000000
4,7,1916,1990,5,2,1,0,445,111,0,111,2,40,0,1099000
7,5,2005,2005,7,3,2,1,761,135,1,67,2,38,0,1890000
9,5,2008,2009,12,4,3,1,1290,262,1,161,3,94,0,5829330
5,5,1954,1954,5,2,1,0,836,104,0,86,1,26,0,1180000
7,5,2008,2008,6,3,2,0,1140,132,0,131,2,51,0,2276800
5,5,1967,1967,6,3,2,0,905,91,0,91,1,35,0,1355000
5,6,1923,2004,6,3,1,1,1986,146,1,122,2,49,0,2235000
5,5,1966,1966,6,3,1,0,1244,100,1,95,2,44,0,1599500
5,5,1898,1965,11,2,2,0,752,198,0,78,2,33,0,1060000
6,6,1974,1999,5,3,1,1,942,121,1,96,2,44,60,1810000
6,5,2004,2004,4,1,1,0,412,78,1,78,2,39,0,1445000
5,5,1952,1952,4,2,1,0,809,96,0,50,2,46,0,559930
6,6,1958,1958,7,4,1,1,905,133,0,133,1,27,0,1579000
5,7,1918,1950,7,3,1,1,766,116,0,63,1,26,0,1160000
7,5,1998,1998,6,3,2,0,1127,154,0,153,2,55,0,2249000
5,6,1954,1954,4,2,1,0,1061,93,1,93,1,25,0,1370000
8,5,2002,2002,7,3,2,0,1232,156,2,145,3,79,0,2710000
6,7,1971,1971,6,3,1,0,819,97,0,93,2,40,0,1550000
7,5,2009,2010,6,2,2,0,591,126,1,126,2,44,0,2240000
7,5,2003,2003,6,3,2,1,671,152,0,74,2,55,0,1830000
4,4,1953,1953,4,2,1,0,557,86,0,86,2,53,0,930000
7,5,2003,2003,7,3,2,1,1151,160,1,78,2,40,0,2250000
6,7,1940,1950,7,3,2,0,919,138,1,72,1,22,0,1395000
8,5,2006,2006,7,3,2,0,1041,138,1,138,2,72,0,2326000
10,5,2007,2008,7,2,2,0,1375,193,1,193,3,113,0,3850000
5,6,1924,1950,5,2,1,0,569,72,0,72,0,0,0,1095000
7,5,2001,2001,6,3,2,0,792,133,1,135,2,48,0,1890000
5,5,1967,1967,7,3,2,1,2666,197,0,94,2,49,0,1850000
7,5,2005,2005,4,2,2,1,236,113,0,55,2,44,0,1474000
6,5,1957,1957,6,3,1,1,1105,129,2,129,2,42,0,1660000
7,5,2005,2005,4,2,2,1,295,111,0,55,2,44,0,1510000
7,6,2003,2003,7,3,2,1,887,169,1,87,2,56,0,2370000
6,6,1964,1964,6,3,1,1,929,140,0,140,2,43,0,1670000
5,6,1961,1961,6,3,1,0,731,106,0,106,2,42,0,1399500
4,7,1950,1995,4,2,2,0,891,99,0,99,2,40,0,1280000
5,6,1948,1973,5,2,1,0,752,144,0,144,2,75,0,1535000
6,5,1973,1973,5,2,1,1,156,91,0,44,1,24,0,1000000
5,6,1995,2006,6,3,1,1,884,102,0,102,1,32,0,1440000
5,6,1946,1995,6,3,1,0,1093,111,0,71,1,22,0,1305000
6,8,1925,1950,7,4,2,0,1129,137,0,62,1,37,0,1400000
5,8,1904,2002,8,3,2,0,969,142,1,60,2,63,0,1575000
6,7,1966,1966,6,3,1,1,837,108,0,104,2,45,0,1749000
5,4,1961,1961,10,6,2,0,743,167,0,167,0,0,0,1410000
5,8,1915,1950,7,4,1,1,1176,131,1,81,3,66,0,1539000
5,5,1975,1981,6,3,2,0,1546,158,2,129,2,56,0,1710000
7,5,1993,1993,7,3,2,1,865,164,1,68,2,39,0,2130000
5,6,1972,1972,5,3,1,0,1442,80,1,80,1,31,0,1335000
6,8,1908,1997,10,5,3,0,4236,219,1,84,2,33,0,2400000
6,7,1976,1994,7,3,2,1,891,172,1,49,2,47,0,1870000
6,5,2003,2003,3,1,1,0,412,78,0,78,2,39,0,1315000
8,5,2003,2003,7,2,2,0,296,135,1,118,2,37,0,2150000
7,5,1941,1950,7,4,2,0,662,152,2,85,1,22,0,1640000
6,6,1964,1964,7,3,1,1,1123,134,1,104,2,59,0,1580000
5,4,1955,1974,6,3,1,1,1664,165,1,163,2,42,0,1700000
5,8,1962,2010,6,3,1,1,640,96,0,96,1,24,0,1270000
6,6,1978,1978,5,3,1,0,1019,95,0,87,2,53,0,1470000
6,5,1994,1995,6,3,2,1,754,137,1,65,2,31,0,1740000
7,5,1976,1976,6,3,2,0,966,127,1,101,2,44,0,1520000
6,7,1968,1984,9,4,2,1,1024,246,1,97,2,57,0,2500000
7,8,1918,1998,7,3,1,1,709,132,1,84,1,20,0,1899500
5,4,1965,1965,6,3,1,1,1079,96,0,96,2,46,0,1315000
6,5,1984,1985,6,3,2,0,898,101,0,96,2,44,0,1520000
5,5,1959,1959,6,3,1,0,736,106,0,106,1,62,0,1325000
7,5,2007,2008,6,3,2,0,802,127,0,127,2,49,0,2505800
5,6,1970,1970,5,3,1,0,812,93,0,93,2,83,0,1485000
8,5,2006,2007,6,3,2,0,989,152,1,152,3,80,0,2489000
4,5,1961,1961,5,3,1,1,647,104,0,96,2,50,0,1290000
5,6,1948,1950,7,2,2,0,1371,215,1,0,2,62,0,1690000
7,5,1993,1994,8,3,2,1,923,181,1,97,2,53,0,2360000
5,5,1962,1962,5,2,1,0,613,83,0,83,1,28,0,1095000
6,5,1998,1998,7,3,2,1,812,156,0,74,2,48,0,2005000
5,7,1953,1996,5,3,1,0,826,84,0,9,2,38,0,1160000
5,7,1949,1950,6,3,1,0,1128,117,1,77,1,26,0,1330000
5,6,1941,1950,5,3,1,1,531,105,0,62,1,18,0,665000
8,5,2007,2007,11,4,2,1,836,242,1,109,2,51,0,3034770
4,5,1963,1963,5,3,1,0,2349,96,0,98,2,60,0,1322500
9,5,2004,2005,10,4,2,1,820,206,1,135,3,68,0,3500000
5,7,1961,1995,6,3,1,0,1094,107,0,103,2,53,0,1480000
5,8,1978,2005,6,3,1,0,650,80,0,80,1,31,0,1365000
5,5,2005,2006,5,2,1,1,652,101,0,101,2,41,0,1570000
7,5,1990,1991,7,3,2,1,1278,159,1,107,2,37,0,1875000
6,5,1992,1993,7,3,2,1,895,147,1,75,2,36,0,1780000
4,5,1912,1950,10,5,1,0,576,207,0,73,1,40,0,1185000
5,5,1967,1967,5,3,1,0,664,82,0,82,1,26,0,1000000
9,5,1999,2000,5,2,2,0,475,158,1,157,2,47,0,3289000
5,5,1959,2005,8,4,2,0,779,159,0,151,2,54,0,1450000
5,7,1955,1955,8,3,1,1,1529,129,0,75,1,27,0,1355000
8,6,1970,1970,8,4,2,0,1473,205,1,205,2,57,0,2680000
6,4,1953,1953,6,2,1,0,1129,139,1,139,2,46,0,1495000
5,7,1949,2006,6,3,1,0,749,85,1,62,2,53,0,1229000
6,5,1978,1978,7,3,2,1,1038,156,1,85,2,40,0,1725000
6,8,1963,2003,6,3,1,0,781,99,0,98,1,24,0,1545000
5,5,1954,1954,6,3,1,0,1234,128,1,128,1,32,0,1650000
5,5,1979,1979,8,4,2,0,651,142,0,0,2,37,0,1188580
6,5,1963,1963,8,4,1,1,655,166,1,72,2,44,0,1400000
4,6,1936,1950,6,2,1,0,814,88,0,88,1,30,0,1065000
5,5,1979,1979,12,6,2,0,651,208,0,0,2,49,0,1429530
9,5,2009,2010,11,2,2,1,1200,219,2,216,3,76,0,6116570
5,7,1961,1994,6,3,1,0,649,114,1,84,1,26,0,1350000
4,6,1971,1971,4,2,1,0,681,79,0,79,1,63,0,1100000
5,7,1957,2000,5,2,1,0,809,121,0,92,1,70,0,1530000
7,5,2003,2003,8,3,2,1,731,140,1,72,2,36,0,1800000
7,5,2006,2006,7,3,2,0,1380,155,1,155,3,64,0,2400000
5,6,1967,1967,6,3,1,0,573,83,0,81,1,26,0,1255000
5,5,1954,1954,6,3,1,0,921,98,0,98,1,26,0,1280000
8,5,2006,2006,8,3,2,0,1254,151,1,150,3,80,0,2550000
7,7,1936,1987,6,3,1,1,1068,191,1,94,1,16,0,2500000
5,5,1983,1983,5,2,1,0,825,83,0,80,2,44,0,1310000
6,5,2005,2005,8,3,2,1,1169,137,1,68,2,36,0,1740000
5,5,1960,1960,12,5,2,0,1077,211,0,102,2,44,0,1543000
5,7,1977,1989,5,3,1,1,862,117,0,117,1,23,0,1435000
5,7,1925,1950,6,3,1,0,568,94,0,71,1,41,0,880000
5,6,1949,1950,8,4,2,0,582,185,0,92,3,80,0,1450000
6,5,2009,2009,4,2,2,1,278,113,0,56,2,49,0,1737330
4,5,1970,1970,6,3,1,1,185,101,0,50,1,26,0,750000
2,3,1949,1950,4,1,0,0,836,44,0,44,1,28,0,353110
4,6,1956,1956,6,3,1,0,1592,114,0,105,1,26,0,1350000
7,5,1991,1991,8,4,2,1,1219,197,1,102,3,77,0,2380000
6,8,1958,2002,6,3,1,0,1024,131,1,109,2,55,0,1765000
6,5,1994,1994,7,3,2,1,786,159,0,86,2,43,0,2010000
5,7,1900,2003,9,4,2,2,815,204,0,118,0,0,0,1459000
6,5,2005,2006,6,3,2,0,951,122,1,122,2,36,0,1699900
6,5,1993,1994,5,2,2,0,744,150,1,149,2,49,0,1930000
6,6,1980,1980,7,3,2,0,951,156,1,156,2,56,0,2075000
5,6,1977,1977,6,3,2,0,1450,104,0,104,2,50,0,1750000
8,5,2003,2004,10,4,2,1,1114,220,1,109,3,60,0,2850000
7,5,1968,1968,9,4,2,1,919,183,1,77,2,45,0,1760000
8,5,2001,2001,7,3,2,0,1099,166,1,162,2,48,0,2365000
7,5,1997,1997,8,4,2,1,1208,207,1,89,2,59,0,2220000
8,5,2007,2007,7,3,2,0,829,136,0,136,3,56,0,2010000
5,6,1965,1965,5,2,1,0,845,85,0,85,1,39,0,1175000
9,5,2006,2006,8,3,2,0,1084,176,1,176,3,73,0,3200000
7,5,2004,2004,6,3,2,0,788,139,0,139,2,52,0,1900000
7,7,1960,2007,9,4,2,0,2568,192,1,54,2,46,0,2420000
4,5,1926,1953,5,1,1,0,541,69,0,55,2,49,0,799000
7,5,2003,2003,5,2,2,0,936,111,0,109,2,51,0,1849000
7,5,2005,2005,8,3,2,1,898,183,1,103,2,64,0,2530000
7,5,2006,2006,7,3,2,1,813,182,0,129,3,80,0,2397990
7,7,1940,1950,10,4,2,0,2237,223,2,95,1,32,0,2444000
6,5,1976,1976,8,4,2,0,1174,160,0,160,2,53,0,1509000
7,5,1999,1999,8,3,2,1,813,191,1,92,2,36,0,2140000
4,3,1977,1977,8,4,2,0,716,133,0,133,0,0,0,1500000
5,4,1967,1967,8,4,2,0,2322,151,0,151,2,53,0,1430000
6,6,1958,1958,7,3,1,0,1335,124,1,76,2,48,0,1375000
5,6,1890,1996,7,2,1,0,819,173,0,101,2,42,0,1249000
5,6,1959,1959,6,3,1,0,758,106,1,106,1,73,0,1430000
8,5,2002,2003,9,3,2,0,1350,151,1,150,3,75,0,2700000
7,5,2002,2002,7,3,2,1,1301,164,1,86,2,44,0,1925000
6,7,1972,2006,5,3,1,1,869,128,1,107,2,62,0,1975000
5,8,1950,2002,5,3,1,0,668,80,0,80,2,66,0,1290000
5,5,1965,1965,6,3,1,0,724,89,0,76,1,27,0,1199000
5,8,1972,2003,5,2,1,0,668,71,0,71,1,36,0,1339000
5,4,1969,1969,7,4,2,1,1028,182,1,72,2,49,0,1720000
6,5,1975,1975,4,4,2,0,873,91,0,87,0,0,0,1275000
6,6,1946,1950,8,4,2,0,662,181,0,90,2,45,0,1450000
6,6,1980,1980,5,2,1,1,120,114,1,52,2,42,0,1240000
5,5,1962,1962,6,3,1,0,689,98,0,98,2,53,0,1320000
7,5,2003,2003,6,3,2,0,785,124,0,124,2,49,0,1850000
7,5,1999,1999,6,3,2,1,238,131,0,64,2,44,0,1550000
5,7,1958,2008,4,2,1,0,669,79,0,79,0,0,0,1165000
6,7,1977,1995,11,4,2,1,1135,266,1,123,2,57,0,2720000
6,6,1976,1976,7,3,2,1,214,143,1,74,2,40,0,1550000
9,5,2007,2007,7,2,2,0,1107,167,0,167,2,65,0,2390000
7,5,2002,2003,8,4,2,1,1051,175,1,75,2,47,0,2149000
6,5,2005,2007,8,3,2,1,951,137,1,72,2,36,0,1789000
5,7,1940,1950,7,2,1,1,891,121,2,67,1,23,0,1600000
5,7,1955,1955,6,3,1,0,686,102,0,102,1,24,0,1350000
3,6,1910,1950,6,2,1,0,550,89,0,55,0,0,0,379000
6,5,1958,1958,6,2,1,0,964,101,0,54,1,24,0,1400000
4,4,1949,1950,6,4,1,1,1003,110,0,66,0,0,0,1350000
7,5,2003,2004,6,2,2,0,210,151,0,70,2,44,0,1730000
6,5,1979,1979,5,2,2,0,733,85,1,85,1,24,0,995000
7,5,2007,2008,6,3,2,0,1081,132,0,132,2,44,0,1820000
7,8,1910,1993,8,3,1,0,1060,187,0,67,2,49,0,1675000
7,5,2000,2000,6,3,2,1,246,128,0,62,2,45,0,1650000
4,7,1923,1958,4,2,1,0,548,80,0,40,0,0,0,855000
7,5,2006,2007,4,1,1,1,397,115,0,115,2,52,0,1999000
4,5,1954,1954,5,3,1,0,877,83,0,83,2,37,0,1100000
5,6,1963,1963,5,3,1,0,819,104,0,104,2,44,0,1390000
7,9,1961,2007,6,3,1,0,1126,92,0,87,2,54,0,1784000
8,5,1998,1999,8,4,2,1,1133,242,1,113,3,62,0,3360000
7,5,2007,2007,6,2,2,0,295,117,1,117,2,36,0,1598950
8,5,2002,2002,9,4,2,1,1045,212,1,104,2,72,0,2559000
5,5,1977,1977,8,4,2,0,940,161,0,0,2,50,0,1260000
5,5,1950,1950,5,3,1,0,1010,108,0,108,1,22,0,1250000
6,8,1910,2003,5,2,1,0,493,151,0,45,1,23,0,1170000
9,5,2009,2010,8,3,2,1,943,180,1,179,3,56,0,3951920
6,6,1976,1976,8,4,2,1,1119,188,1,78,2,51,0,1950000
7,5,2006,2006,6,3,2,1,754,146,0,71,2,57,0,1970000
8,5,1997,1998,7,3,2,1,878,222,1,129,3,80,0,3480000
8,9,1882,1986,8,4,1,1,1641,161,1,85,2,39,0,1680000
6,8,1964,1993,7,3,2,1,906,171,1,76,2,40,0,1870000
6,5,2005,2006,6,3,2,1,821,139,0,69,2,52,0,1739000
10,5,2006,2007,7,3,2,0,1157,159,1,157,3,73,0,3375000
4,7,1946,1950,5,3,1,1,437,114,0,69,1,28,0,1216000
5,6,1961,1961,6,3,1,0,990,97,0,97,1,34,0,1365000
6,6,1970,1970,6,2,2,0,1088,133,1,133,2,57,0,1850000
3,4,1922,1950,6,3,1,0,909,100,1,93,1,19,0,910000
7,5,2006,2006,6,2,2,0,628,112,0,110,2,58,0,2060000
3,3,1952,1952,4,2,1,0,948,87,0,0,2,49,0,820000
5,6,1920,1950,4,2,1,0,501,64,0,64,1,20,0,860000
8,5,2006,2006,7,3,2,0,1110,146,1,146,3,76,0,2320000
5,6,1976,1976,8,4,2,0,1068,156,0,156,2,49,0,1369050
7,5,2005,2006,7,1,2,0,295,139,1,125,2,42,0,1810000
5,8,1977,1977,6,3,2,0,778,91,0,91,1,30,0,1499000
6,3,1970,1970,7,3,2,0,1129,153,1,153,2,44,0,1635000
4,4,1970,1970,6,3,1,1,205,101,0,50,1,26,0,880000
7,5,2004,2005,7,3,2,0,1125,158,1,158,2,51,0,2400000
5,5,1926,1950,7,4,2,0,557,141,0,93,0,0,0,1020000
5,5,1948,1950,7,4,2,0,1977,118,1,66,1,28,0,1350000
5,5,1965,1965,8,4,2,0,912,154,0,0,0,0,0,1000000
6,7,1923,1996,7,3,1,1,983,139,2,55,1,16,0,1650000
5,4,1910,2006,4,2,1,0,668,94,0,94,1,26,0,850000
6,5,1948,1950,5,2,1,0,1083,100,1,100,1,22,0,1192000
8,6,2001,2001,6,3,2,1,780,154,0,75,2,49,0,2270000
7,5,1996,1996,6,3,2,0,1103,139,1,139,2,44,0,2030000
8,5,1984,1984,4,1,1,0,540,126,1,113,2,52,0,1875000
7,5,1991,1992,7,3,2,1,1001,136,1,35,2,37,0,1600000
7,5,2005,2005,6,2,2,0,279,139,1,126,2,40,0,2134900
4,5,2005,2005,5,2,1,1,652,105,0,105,2,41,0,1760000
7,5,2006,2006,6,2,2,0,688,113,0,111,2,58,0,1940000
5,5,1930,1950,6,2,1,0,876,115,0,84,1,14,0,870000
7,5,2005,2006,7,2,2,0,295,139,1,125,2,40,0,1910000
8,6,1976,1976,10,2,2,0,1439,269,1,145,2,61,0,2870000
5,5,1972,1972,5,3,1,0,715,81,0,81,2,42,0,1125000
5,5,1960,1960,6,3,1,0,863,117,2,117,2,42,0,1675000
8,5,2007,2008,7,3,2,0,884,152,1,152,3,74,0,2930770
5,5,1941,1950,6,3,1,0,881,127,1,71,1,22,0,1050000
6,7,1972,1972,7,3,1,1,156,113,0,62,1,24,0,1180000
5,8,1916,1995,10,5,2,0,657,179,0,63,0,0,0,1600000
7,3,1920,1970,12,5,2,1,1473,286,2,76,2,62,0,1970000
8,7,1993,1993,10,5,2,1,1350,234,1,124,3,73,0,3100000
7,5,2002,2002,6,3,2,0,754,153,0,153,3,83,0,2300000
5,7,1938,1950,5,2,1,0,585,88,1,85,1,22,0,1197500
4,3,1957,1957,5,3,1,0,1068,78,0,0,1,26,0,840000
9,5,2007,2008,6,2,2,0,1198,150,1,150,3,84,0,3155000
8,5,2001,2002,7,3,2,1,858,210,1,98,2,84,0,2870000
4,6,1970,2008,6,3,1,1,142,124,1,50,0,0,0,970000
4,4,1970,1970,3,1,1,0,137,58,0,58,1,26,0,800000
5,4,1957,2000,8,3,2,0,1219,167,1,105,2,44,0,1550000
6,8,1966,2000,7,4,1,1,848,151,0,74,2,44,0,1730000
6,5,2005,2005,5,1,2,0,499,121,1,121,2,57,0,1960000
7,5,1990,1990,10,4,2,1,1099,216,1,137,2,47,0,2622800
8,5,1981,1981,9,4,2,1,891,234,1,234,2,50,0,2780000
3,5,1955,1955,8,4,2,0,1270,160,1,0,2,41,0,1396000
9,5,2005,2006,11,4,3,1,1491,266,1,185,3,66,0,5565810
5,5,1994,1995,5,3,1,0,858,91,0,91,2,62,0,1450000
5,4,1960,2006,9,3,1,0,2020,164,1,0,2,31,0,1150000
4,7,1946,2006,6,2,1,0,1031,86,0,0,1,28,0,849000
7,5,2007,2007,6,3,2,0,835,120,0,120,2,40,0,1764850
7,5,2007,2007,6,3,2,0,1038,122,1,122,2,40,0,2001410
6,6,1964,1978,9,4,1,1,882,183,1,75,2,50,0,1650000
5,6,1957,2002,7,4,1,0,795,141,1,112,1,33,0,1445000
8,5,2002,2002,7,3,2,1,1055,184,1,98,2,54,0,2550000
6,5,1976,1976,7,3,2,0,1055,141,1,110,2,44,0,1800000
7,5,2005,2005,6,2,2,0,655,126,1,126,2,44,0,1858500
7,6,1994,1994,7,3,2,1,2783,171,1,90,2,43,0,2480000
9,5,2008,2008,10,3,2,1,1050,202,1,102,3,77,0,3350000
6,7,1932,1950,7,3,1,1,1047,184,1,79,2,40,0,2200000
8,5,2001,2001,6,2,2,0,457,124,0,124,2,54,0,2135000
3,4,1935,1950,6,2,1,0,1672,83,0,83,3,115,0,810000
5,5,1900,1950,10,5,2,0,1263,217,0,61,2,52,0,900000
6,6,1925,1980,5,2,1,0,557,102,1,102,2,40,0,1105000
5,6,1966,1966,6,3,1,1,1021,107,1,107,2,44,0,1540000
7,5,1996,1997,7,3,2,1,1300,209,0,121,2,49,0,3280000
6,7,1993,1994,7,3,2,1,728,145,1,74,2,35,0,1780000
6,6,1964,1964,7,4,1,1,906,149,0,72,2,41,0,1679000
6,4,1973,1973,10,5,2,1,368,234,1,87,2,53,0,1514000
5,7,1949,2003,4,2,1,0,891,82,0,78,2,53,0,1350000
5,5,1956,1956,6,3,1,0,943,97,0,97,1,26,0,1350000
6,6,1968,1968,8,4,1,1,1086,144,0,67,2,40,0,1540000
5,3,1948,1950,7,4,1,0,704,135,1,75,1,26,0,915000
6,6,1977,1977,6,3,1,1,738,132,0,64,2,40,0,1595000
7,5,2006,2006,5,2,2,0,794,115,0,115,3,76,0,1940000
7,6,1940,1984,6,3,1,1,1219,161,2,74,1,22,0,2195000
5,8,1936,1989,7,3,2,0,1003,136,1,73,2,52,0,1700000
5,5,1969,1969,6,3,1,0,1474,101,0,101,1,27,0,1388000
6,5,2004,2004,3,1,1,0,412,78,1,78,2,39,0,1559000
5,5,1994,1994,5,3,1,0,815,91,0,91,1,27,0,1260000
6,7,1971,2004,5,3,2,0,1025,116,0,116,2,49,0,1450000
5,5,1963,1963,5,3,1,1,696,96,0,96,1,28,0,1330000
7,5,2002,2002,6,3,2,0,812,135,1,135,2,48,0,1920000
6,6,1964,1964,6,3,1,0,817,116,2,116,1,42,0,1600000
6,5,1995,1996,6,3,2,1,1210,139,1,64,2,37,0,1875000
6,6,1992,1992,5,2,1,0,842,92,0,86,2,52,0,1470000
4,5,1973,1973,6,3,1,1,183,101,0,50,1,26,0,835000
8,5,2005,2006,9,3,2,1,982,181,1,100,3,96,0,2520000
7,5,2004,2004,7,3,2,0,234,158,0,90,2,35,0,1375000
8,5,2005,2005,4,1,1,1,308,115,1,115,2,51,0,1970000
3,4,1950,1950,6,2,2,0,793,96,0,0,2,37,0,929000
7,5,1999,2000,4,2,2,1,200,116,0,55,2,42,0,1600000
6,5,1925,1950,7,4,2,0,780,157,1,109,2,53,0,1365000
5,8,1965,1998,6,1,1,1,857,111,0,80,2,82,0,1460000
5,7,1956,2000,4,2,1,0,545,86,0,86,1,28,0,1290000
6,5,2006,2006,6,3,2,0,865,122,1,122,2,40,0,1764320
6,7,1914,2006,7,3,1,1,639,125,0,63,0,0,0,1270000
8,5,1986,1986,5,2,1,1,343,101,0,99,2,42,0,1700000
4,6,1936,1950,6,3,1,0,557,122,0,62,1,22,0,1280000
7,5,1978,1978,7,3,2,0,1103,148,1,118,2,44,0,1570000
2,5,1920,1950,3,1,1,0,780,40,0,26,1,22,0,600000
5,5,1971,1971,5,3,1,0,906,88,0,88,1,26,0,1195000
5,7,1960,2002,6,2,1,0,650,105,0,93,1,23,0,1350000
6,6,1959,1959,6,3,1,0,827,110,1,60,2,50,0,1595000
5,5,1970,1970,6,3,2,1,187,120,0,58,2,40,0,1060000
8,5,1994,1995,9,3,2,1,1138,243,2,135,2,66,0,3250000
7,5,1990,1991,6,3,2,0,962,133,1,84,2,66,0,1799000
7,5,2006,2006,9,3,2,1,2160,187,1,80,2,39,0,2747250
6,5,2000,2000,7,3,2,1,749,157,1,85,2,43,0,1810000
8,5,2004,2005,7,3,2,0,1055,170,1,170,3,80,0,2800000
6,5,1995,1996,8,3,2,1,743,154,1,71,2,40,0,1880000
7,6,1976,1976,8,4,2,1,973,182,1,74,2,44,0,2050000
5,7,1957,1957,5,2,1,0,659,75,0,75,1,28,0,1299000
5,7,1953,2006,6,2,1,0,828,93,0,93,1,22,0,1345000
5,7,1954,2000,4,2,1,0,501,77,0,77,1,30,0,1170000
8,5,2007,2007,7,3,2,0,1122,161,1,161,3,86,0,3180000
8,5,2002,2002,7,3,2,1,719,131,1,37,2,48,0,1841000
5,7,1967,2003,5,3,1,0,907,83,0,83,2,41,0,1300000
5,6,1958,1987,6,3,1,0,1284,148,0,49,1,27,0,1400000
5,5,1959,1959,6,3,1,0,702,96,0,96,1,26,0,1337000
6,5,1920,1950,6,2,1,0,767,94,1,94,1,28,0,1184000
7,5,2005,2006,7,3,2,0,936,144,0,144,3,72,0,2129000
4,3,1956,1956,5,3,1,0,829,89,0,62,1,26,0,1120000
5,9,1947,2008,4,2,1,0,873,64,0,64,0,0,0,1180000
7,5,1992,1992,7,3,2,1,847,137,1,35,2,36,0,1639000
4,5,1955,1955,5,2,1,0,969,93,1,93,2,62,0,1150000
7,5,2007,2007,7,2,2,0,342,144,1,127,3,61,0,1740000
7,5,2004,2004,7,3,2,0,1353,142,1,142,3,58,0,2590000
7,5,2004,2005,8,4,2,1,1095,181,1,78,2,40,0,2150000
5,5,1980,1980,4,2,1,0,668,86,0,86,2,62,0,1400000
4,3,1928,1950,7,4,2,0,724,184,2,104,2,53,0,1350000
5,5,1991,1992,5,3,1,0,995,90,0,90,0,0,0,935000
6,4,1880,1950,8,5,2,0,919,205,0,93,1,19,0,1175000
8,5,1995,1995,8,3,2,1,913,187,1,104,2,43,0,2395000
6,5,1997,1997,7,3,2,1,815,148,1,85,2,42,0,1690000
6,5,1926,1950,5,2,1,0,574,91,1,89,1,16,0,1020000
6,5,1950,1950,6,3,1,0,891,116,0,95,1,26,0,1190000
5,8,1875,1996,6,2,1,0,589,94,0,72,0,0,0,940000
6,5,1977,1977,5,2,2,0,912,145,2,145,2,66,0,1960000
5,5,1920,1950,6,3,1,0,811,108,1,85,2,45,0,1440000
5,7,1951,1951,4,2,1,0,682,88,0,88,2,78,0,1390000
5,7,1976,1976,9,4,2,1,957,173,1,72,2,44,0,1975000
8,5,2006,2007,11,4,3,0,925,262,1,136,3,97,0,4248700
5,3,1959,1959,5,3,1,0,836,93,0,93,0,0,0,800000
4,4,1941,1950,5,2,1,0,1131,85,0,62,1,26,0,800000
5,6,1928,1950,8,3,1,0,579,146,1,96,1,20,0,1490000
6,5,1985,1985,5,3,2,0,1040,120,1,120,2,37,0,1800000
7,7,1941,1950,7,3,1,1,1114,145,1,65,1,21,0,1745000
7,7,1926,1950,5,2,1,0,529,103,1,53,1,26,0,1169000
7,9,1920,1988,7,3,1,0,836,137,0,60,2,30,0,1430000
6,5,1950,1950,4,2,1,0,769,86,1,86,1,28,0,1240000
5,4,1959,1959,6,3,1,1,1649,136,2,136,2,49,0,1499000
6,7,1956,2004,6,2,1,0,1311,168,1,99,2,43,0,2300000
6,8,1930,2007,5,2,1,0,547,75,0,75,1,40,0,1205000
7,6,1965,1988,8,4,1,2,1272,169,2,80,2,45,0,2018000
5,8,1976,2004,6,3,2,0,1000,133,1,133,2,49,0,2180000
5,8,1965,1999,6,3,2,0,868,117,1,113,2,46,0,1799000
7,5,2007,2008,6,2,2,0,464,122,1,122,2,58,0,2300000
8,5,2007,2008,7,3,2,0,1108,146,0,146,3,77,0,2351280
6,6,1974,1974,8,4,2,1,847,174,1,83,2,50,0,1850000
6,5,1978,1978,7,3,2,1,211,135,1,79,2,40,0,1460000
6,7,1954,2006,7,3,1,0,1372,152,1,120,2,85,0,2240000
5,5,1968,1968,5,3,1,0,810,83,1,83,2,41,0,1290000
4,4,1969,1969,6,0,0,2,1198,116,0,111,2,37,0,1089590
5,7,1978,1978,5,2,1,1,1500,133,1,126,2,54,0,1940000
7,5,2009,2009,7,3,2,0,886,139,0,139,2,59,0,2331700
8,5,2008,2008,7,3,2,0,973,157,0,157,3,72,0,2453500
6,5,2000,2000,7,3,2,1,1008,155,1,89,2,43,0,1730000
6,7,1935,1986,7,4,2,0,1275,195,2,104,2,50,0,2350000
10,5,1995,1996,10,4,3,1,3322,336,1,179,3,74,0,6250000
6,6,1977,1977,6,3,1,0,917,103,1,101,1,33,53,1710000
6,6,1958,1958,6,3,1,0,847,117,1,117,2,40,0,1630000
7,5,2006,2007,5,2,2,1,373,116,0,58,2,58,0,1719000
5,6,1946,1994,12,3,3,0,1674,286,1,148,0,0,0,2005000
6,8,1932,1950,9,4,2,1,1538,217,1,88,2,33,0,2390000
8,5,1992,2000,9,4,2,1,991,266,1,156,2,50,0,2850000
5,5,1984,1985,5,3,1,0,645,85,0,81,1,24,0,1195000
6,8,1926,2004,5,3,1,0,366,113,0,75,1,19,0,1150000
5,6,1921,1950,7,3,1,1,713,124,1,67,1,17,0,1549000
5,5,1954,1954,5,3,1,0,774,104,1,0,0,0,0,930000
7,5,1990,1991,8,4,2,1,1037,233,0,112,2,64,0,2500000
8,5,2008,2008,5,2,2,0,519,153,1,148,2,44,0,3925000
10,5,1996,1996,10,4,3,1,1451,415,2,222,3,75,51,7450000
5,6,1920,1950,5,2,1,0,1003,104,1,104,2,66,0,1200000
5,4,1963,1963,5,3,1,1,3263,146,2,146,3,92,0,1867000
5,7,1924,1950,7,4,1,0,904,113,0,72,1,36,0,1049000
3,5,1900,1970,7,3,2,0,986,157,0,90,2,39,0,950000
8,5,1994,1995,5,2,2,0,1157,150,1,150,3,70,0,2620000
7,5,2002,2002,7,3,2,1,830,154,0,77,2,45,0,1950000
7,5,1999,1999,7,3,2,1,696,167,1,92,2,41,0,1890000
4,4,1961,1975,7,3,1,0,3015,150,1,116,4,125,0,1680000
8,5,1999,2000,5,2,2,1,245,133,0,72,2,45,0,1740000
5,8,1925,1994,6,3,1,0,891,136,0,65,1,23,0,1250000
6,5,1999,1999,5,2,2,0,418,113,0,113,2,37,0,1650000
6,7,1969,1969,7,4,1,1,869,125,0,61,1,27,0,1580000
6,5,2005,2005,8,3,2,1,745,135,0,67,2,37,0,1760000
7,5,2006,2006,9,4,2,1,1305,173,1,81,3,61,0,2192100
7,6,1916,1950,7,3,1,0,822,157,1,75,1,20,0,1440000
7,5,2001,2001,6,3,2,0,845,112,0,112,2,53,0,1780000
4,5,1963,1979,6,3,1,1,1043,128,1,97,2,42,0,1480000
4,5,1970,1970,5,3,1,0,868,80,0,80,1,26,0,1160500
7,5,1998,1998,6,3,2,1,966,165,0,80,2,50,0,1979000
5,8,1925,1997,5,3,1,0,557,125,1,82,1,20,0,1170000
7,5,2000,2001,6,3,2,0,905,151,1,151,2,41,0,2130000
5,6,1975,1975,6,3,1,1,942,99,0,98,2,45,0,1535000
7,7,1990,1991,7,3,2,0,1364,204,1,200,3,65,0,2719000
4,4,1966,1966,5,2,1,0,826,98,0,98,1,35,0,1070000
6,5,2003,2003,7,3,2,0,848,157,0,156,2,50,0,2000000
5,7,1962,1980,6,3,1,0,721,119,0,86,2,47,0,1400000
8,5,2006,2006,8,3,2,0,945,154,1,154,2,46,0,2900000
6,5,1992,1992,8,3,2,1,1042,171,1,98,2,42,0,1890000
8,7,1988,2005,8,4,2,0,1127,162,0,51,2,45,0,1640000
4,6,1941,1950,4,2,1,0,867,62,0,62,1,21,0,1130000
4,9,1965,2001,3,0,0,0,951,89,0,60,1,33,0,1450000
5,5,1962,1962,6,3,1,0,948,92,0,85,1,27,0,1345000
5,5,1966,1966,5,3,1,0,659,83,0,83,1,35,0,1250000
6,5,1978,1978,8,4,2,0,829,176,0,0,2,50,0,1120000
8,5,2009,2009,6,3,2,0,802,122,0,120,2,51,0,2294560
4,5,1947,1950,3,2,1,0,579,84,0,0,0,0,0,805000
6,5,1971,1971,7,3,1,1,156,113,0,62,0,0,0,915000
5,5,1964,1964,5,2,1,0,724,84,0,84,1,26,0,1150000
5,5,1968,1968,5,3,1,0,766,112,1,88,1,29,0,1340000
6,6,1949,1950,7,3,2,0,975,171,1,96,1,29,0,1430000
5,3,1951,1951,7,4,2,0,992,198,0,198,2,49,0,1379000
7,5,2004,2005,8,3,2,1,1429,138,1,73,2,36,0,1840000
6,8,1958,1958,6,3,1,0,973,105,0,54,1,24,0,1450000
6,5,2007,2007,9,4,2,1,1356,179,1,83,3,62,0,2140000
5,8,1965,2008,5,2,1,0,824,84,0,84,2,53,0,1470000
9,5,2008,2008,7,1,1,1,814,158,1,158,3,97,0,3672940
5,5,1960,1960,7,4,2,0,734,140,0,99,1,37,0,1270000
5,5,1977,1977,12,4,2,2,1754,243,1,126,2,55,0,1900000
5,6,1962,1962,6,3,1,0,717,110,0,102,2,50,0,1325000
4,5,1962,1962,6,2,2,0,914,113,0,0,2,42,0,1018000
5,5,1959,1959,6,3,1,0,1129,110,0,110,2,49,0,1420000
5,6,1911,1950,7,4,1,1,791,182,0,87,0,0,0,1300000
5,5,1914,1950,9,4,1,1,1219,165,0,69,1,16,0,1388870
7,5,2003,2003,6,2,2,1,244,151,0,70,2,44,0,1755000
7,5,2004,2005,8,4,2,1,1151,180,1,78,2,40,0,1950000
6,5,2005,2005,6,3,1,1,1214,105,0,105,2,44,0,1425000
8,5,2006,2006,6,2,2,0,839,137,1,137,2,43,0,2659000
7,5,2003,2003,8,3,2,1,757,164,0,82,2,50,0,2249000
7,6,2007,2007,7,3,2,0,914,156,0,156,3,88,0,2483280
7,6,1974,1974,6,3,2,0,987,108,2,97,2,49,0,1700000
10,5,2006,2006,7,2,2,1,1290,192,1,192,3,78,0,4650000
8,7,1929,1950,7,3,1,0,1062,140,2,73,2,37,0,2300000
6,7,1984,2003,7,3,3,1,1123,173,1,54,2,44,0,1780000
7,5,2005,2006,6,3,2,1,754,144,0,70,2,57,0,1865000
6,5,1976,1976,6,3,1,0,1145,96,0,94,3,82,0,1699000
6,5,1917,1950,8,3,1,1,891,191,1,68,2,36,0,1295000
5,7,1950,1950,6,3,1,0,668,91,0,81,1,25,0,1190000
7,5,1968,1968,8,3,2,1,1036,196,2,196,2,48,0,2440000
7,5,2003,2003,6,2,2,0,291,130,1,130,2,44,0,1717500
5,6,1968,1968,5,3,1,0,915,81,0,80,1,26,0,1300000
7,7,1974,2003,9,3,2,1,1629,201,2,110,2,48,0,2940000
7,5,2003,2004,7,3,2,1,643,153,1,69,2,36,0,1654000
6,6,1931,1950,6,3,1,0,579,126,1,82,1,52,0,1275000
8,5,1994,1994,7,2,2,0,1328,184,1,184,2,64,0,3015000
5,8,1922,1950,4,2,1,0,377,80,0,80,0,0,0,999000
7,5,2005,2005,5,2,2,0,890,108,0,79,2,37,0,1900000
6,8,1969,1969,6,3,1,1,905,97,0,97,2,42,0,1510000
6,5,1999,1999,7,3,2,1,2292,155,1,78,2,46,0,1810000
5,6,1956,1956,5,2,1,0,891,97,0,97,1,31,0,1289000
4,5,1957,1989,8,5,1,0,1045,166,2,102,1,28,0,1615000
6,6,1919,1950,8,3,1,0,1255,169,1,70,2,48,0,1805000
6,5,1998,1999,5,2,2,0,377,124,0,130,2,47,0,1810000
7,5,1999,1999,6,3,2,1,346,134,0,64,2,47,0,1839000
7,4,1910,1950,9,4,1,1,940,175,1,85,1,28,0,1220000
9,5,2008,2009,10,3,2,0,1227,187,1,185,3,69,0,3785000
8,9,1935,1997,11,4,3,1,1309,320,2,67,3,94,0,3810000
5,5,1958,1958,7,3,1,1,1053,141,0,81,1,29,0,1440000
7,6,1979,1979,4,0,0,1,2191,141,1,123,2,54,0,2600000
6,7,1968,1968,7,3,2,0,850,138,1,138,2,42,0,1857500
5,6,1965,1965,5,3,1,0,1256,86,0,86,1,26,0,1370000
6,7,1959,2006,5,2,1,0,1069,126,1,94,1,28,0,1770000
5,6,1910,2003,8,3,2,0,498,116,1,61,2,51,0,1390000
5,5,1948,1950,10,4,2,0,1053,178,0,86,2,37,0,1370000
6,6,1972,1972,6,3,1,1,1201,129,1,67,2,46,0,1620000
6,5,1967,1976,7,3,1,1,1660,160,1,156,2,44,0,1979000
8,5,2002,2002,7,3,2,1,880,188,1,104,2,53,0,2370000
4,4,1920,1950,6,2,1,0,696,104,0,64,2,49,0,684000
7,5,2002,2002,6,3,2,0,911,146,0,146,2,50,0,2270000
7,5,1990,1990,6,2,2,0,747,124,1,121,2,44,0,1800000
5,7,1977,2008,5,3,2,0,817,96,0,96,2,44,0,1505000
6,5,1971,1971,8,4,2,2,873,169,0,84,0,0,0,1390000
6,7,1919,1990,10,4,2,0,895,227,1,74,1,31,0,1690000
6,6,1939,1950,6,4,1,0,557,131,1,72,1,26,0,1325000
6,5,1963,1963,6,3,1,1,909,123,2,123,2,49,0,1430000
5,5,1964,1964,7,4,2,0,3390,146,0,150,2,36,0,1900000
8,5,2000,2000,5,2,2,0,526,154,1,139,2,46,0,2780000
8,5,2006,2006,8,3,2,1,1027,183,1,100,3,69,0,2810000
5,7,1964,1964,6,3,1,0,1311,107,1,107,2,44,0,1805000
5,7,1972,1972,6,3,2,1,156,120,0,58,1,24,0,1195000
5,4,1892,1965,11,4,2,0,613,220,0,92,1,40,0,1075000
7,5,1976,1976,8,4,2,1,942,154,1,77,2,49,0,1629000
5,7,1955,1990,5,2,1,0,759,80,0,80,2,53,0,1150000
5,5,1968,1968,5,3,1,1,780,97,0,97,1,26,0,1385000
5,6,1963,1963,6,3,2,0,808,104,0,104,2,48,0,1550000
6,5,2005,2006,5,2,2,0,341,99,0,50,2,48,0,1400000
10,5,2008,2008,12,3,2,1,5935,524,3,567,2,131,44,1600000
5,7,1959,1994,6,3,1,1,696,115,0,115,1,28,0,1540000
7,5,1999,1999,9,3,2,1,999,184,1,90,2,45,0,2250000
6,7,1942,1950,7,3,1,0,696,138,2,71,1,19,0,1775000
8,5,1994,1994,8,4,2,1,940,234,1,108,3,78,0,2900000
7,5,2005,2005,7,3,2,0,807,150,0,150,3,77,0,2320000
7,5,2004,2004,7,3,2,0,312,158,0,90,2,35,0,1300000
9,5,2006,2007,6,2,2,0,1223,153,2,153,2,78,0,3250000
7,5,2005,2006,6,2,2,0,646,127,1,127,2,44,0,2025000
5,5,1994,1995,5,3,1,0,749,91,0,91,2,44,0,1380000
5,7,1948,2005,6,2,1,0,1114,104,0,85,2,49,0,1470000
6,5,1991,1991,6,3,2,0,664,120,0,118,2,46,0,1792000
7,8,1959,2002,7,3,2,0,1625,176,2,176,2,52,0,3350000
7,5,2005,2007,6,3,2,0,818,118,0,118,2,47,0,2030000
8,5,1990,1990,9,4,2,1,889,261,1,134,2,69,0,3020000
9,5,1999,1999,10,4,2,1,1372,241,1,129,3,72,0,3331680
4,6,1954,1954,5,3,1,0,760,88,1,88,1,26,0,1190000
6,5,1969,1969,9,4,2,1,1028,196,2,88,2,53,0,2069000
8,5,2008,2008,8,3,2,0,949,151,1,150,3,79,0,2954930
7,5,2006,2007,5,2,2,0,392,125,1,125,2,43,0,2089000
8,5,2001,2002,7,3,2,0,1373,166,1,162,3,69,0,2750000
4,5,1954,1954,5,3,1,0,948,88,0,80,1,23,0,1110000
6,3,1957,1957,6,3,1,1,780,137,2,137,2,41,0,1565000
3,6,1949,1950,4,2,1,0,615,66,0,0,1,26,0,725000
7,5,1992,1992,8,3,2,1,946,178,1,69,2,52,0,1900000
4,7,1940,1950,5,2,1,0,495,65,0,39,0,0,0,825000
8,5,2006,2007,7,2,2,0,927,166,1,166,3,83,0,1470000
4,4,1922,1950,5,2,1,0,337,73,0,73,0,0,0,550000
3,6,1931,2006,6,3,1,0,396,71,0,50,0,0,0,790000
5,9,1982,2008,5,3,1,0,613,75,1,75,1,24,0,1305000
6,7,1920,1950,8,5,2,0,969,259,2,140,2,48,0,2560000
7,5,1998,1998,8,3,2,1,843,151,1,86,2,42,0,1765000
8,5,2006,2006,7,3,2,0,929,147,1,147,3,76,0,2270000
5,5,1976,1976,6,3,1,0,1001,88,0,84,2,53,0,1325000
4,6,1938,1958,3,2,1,0,824,75,1,75,1,26,0,1000000
5,6,1938,1995,6,2,1,1,668,126,0,74,1,27,0,1255000
5,6,1970,1970,7,3,1,1,219,126,0,71,2,40,0,1250000
6,5,1977,1977,6,2,2,0,896,123,1,125,2,58,0,1679000
5,5,1973,1973,8,4,2,0,858,153,0,153,2,47,0,1350000
4,4,1941,1950,4,2,1,0,382,64,0,64,0,0,0,525000
7,5,2002,2002,8,3,2,1,1249,172,0,85,2,45,0,2000000
5,7,1972,1972,5,3,1,0,888,80,0,80,1,26,0,1285000
4,5,1971,1971,5,3,1,0,770,81,0,79,4,44,0,1230000
6,5,2003,2004,6,3,1,0,1272,103,0,103,2,53,0,1550000
8,5,2002,2002,7,3,2,1,870,201,1,119,2,60,0,2285000
6,6,1928,1950,9,3,1,1,702,177,1,83,2,31,0,1770000
7,5,2006,2006,8,3,2,1,1031,135,1,67,2,40,0,1558350
4,4,1920,1950,5,2,1,0,557,89,0,89,1,28,0,1085000
7,7,1968,2003,9,3,2,0,1930,200,1,145,2,47,0,2625000
8,5,2006,2007,7,3,2,0,1421,164,1,160,3,66,0,2834630
7,5,1998,1998,5,3,2,0,1504,138,1,137,2,47,0,2150000
8,5,1872,1987,8,4,2,0,487,219,0,63,0,0,0,1220000
5,5,1969,1969,12,6,2,2,1081,244,0,115,4,89,0,2000000
6,6,1962,1962,8,4,1,1,859,159,1,79,2,45,0,1710000
6,9,1937,2000,4,2,1,0,557,109,0,64,2,57,0,1349000
8,5,1995,1996,9,4,2,1,1367,300,1,188,3,61,0,4100000
7,5,2000,2000,7,3,2,1,958,173,1,92,3,77,0,2350000
7,6,1968,1992,8,4,3,0,946,178,1,52,2,45,0,1700000
5,5,1966,1966,5,3,1,0,880,82,0,80,1,24,0,1100000
5,6,1971,2008,6,3,1,1,1164,100,1,100,2,46,0,1499000
6,5,2000,2000,5,3,2,1,196,146,0,70,2,40,0,1775000
9,5,2004,2005,8,3,2,0,1554,183,1,183,3,71,0,3150000
5,6,1921,1998,8,4,3,1,914,241,0,56,2,57,0,1890000
7,5,2005,2005,7,3,2,0,1501,142,1,142,2,39,0,2600000
4,4,1920,2007,7,4,2,0,1162,161,1,66,1,34,0,1049000
6,5,2006,2007,6,3,2,1,789,131,1,57,2,40,0,1569320
7,5,2005,2005,4,2,2,1,295,111,0,55,2,44,0,1441520
7,5,2000,2000,7,3,2,1,696,155,0,75,2,61,0,2160000
7,5,1999,1999,7,3,2,1,852,166,0,81,2,54,0,1930000
5,6,1977,1977,6,4,2,0,247,137,1,70,1,31,0,1270000
6,5,2003,2004,4,1,1,0,412,78,0,78,2,39,0,1440000
8,5,2003,2003,8,3,2,0,987,154,1,153,2,46,0,2320000
4,6,1920,1950,6,2,1,0,501,127,0,78,1,31,0,1050000
6,6,1955,1996,8,3,1,0,891,154,1,92,1,35,0,1655000
7,6,1998,1998,8,3,2,1,905,194,1,102,2,54,0,2743000
10,5,2001,2002,8,2,2,1,1059,244,2,244,3,74,0,4665000
7,5,2005,2005,9,3,2,1,987,181,1,95,3,86,0,2500000
8,5,2007,2007,7,3,2,0,1021,145,1,145,3,67,0,2390000
6,5,1930,1950,4,2,1,0,584,73,0,71,1,14,0,910000
5,5,1941,1960,6,3,2,0,1021,149,0,91,2,61,0,1170000
6,5,1973,1973,5,2,1,1,181,91,0,44,1,24,0,830000
5,5,2006,2007,7,3,2,1,904,129,0,35,2,37,0,1675000
3,3,1914,1950,5,2,1,0,762,80,0,80,1,18,0,585000
6,7,1970,1970,7,4,2,1,1200,196,2,111,2,51,0,2375000
7,7,1920,1950,8,4,1,1,668,163,0,55,2,53,0,1570000
5,7,1918,2007,7,3,2,0,2353,131,0,75,2,53,0,1120000
6,5,1939,1950,6,2,1,0,841,116,0,52,1,26,0,1050000
4,8,1922,2007,7,3,1,0,505,107,0,73,1,22,0,1255000
7,5,1978,1978,12,5,3,1,1550,258,2,129,2,52,48,2500000
6,7,1916,1950,10,5,2,0,791,234,1,66,1,20,0,1360000
9,5,2006,2007,7,3,2,0,1383,162,2,162,3,70,0,3775000
6,6,1941,1950,6,3,1,0,557,113,1,68,2,40,0,1310000
7,5,2000,2000,6,3,2,0,845,141,0,141,2,50,0,2350000
5,5,1967,1967,8,4,2,0,830,147,0,147,3,73,0,1240000
5,5,1967,1967,6,3,1,0,728,83,1,80,1,26,0,1230000
6,7,1905,2000,7,3,2,0,1003,177,1,44,2,62,0,1630000
7,5,2006,2006,6,2,2,0,375,139,1,125,3,60,0,2465780
8,5,2005,2006,9,4,2,1,1176,230,1,101,3,59,0,2812130
5,5,1948,1950,7,3,1,0,5313,156,2,69,2,53,0,1600000
5,8,1920,2004,8,4,1,1,568,140,0,87,1,16,0,1375000
5,4,1950,1982,7,3,1,1,668,176,0,112,1,22,0,1380000
6,6,1925,1990,7,3,2,1,573,149,1,90,1,20,0,1374500
6,7,1929,1950,5,3,1,0,557,107,1,80,1,19,0,1200000
6,5,2004,2004,8,3,2,1,688,147,1,77,2,36,0,1930000
7,5,2006,2006,6,2,2,0,628,120,1,119,2,61,0,1938790
8,5,2007,2007,6,3,2,0,1417,136,0,137,3,70,0,2829220
3,4,1915,1950,6,3,1,0,967,112,0,62,3,86,0,1050000
8,5,2004,2005,5,2,2,0,356,152,1,148,2,44,0,2750000
5,7,1972,2007,5,2,1,0,784,71,0,71,2,36,0,1330000
5,5,1985,1985,5,3,1,0,815,77,0,77,0,0,0,1120000
4,7,1910,1950,6,3,1,0,719,126,0,57,2,49,0,1255000
7,6,1986,1991,7,3,2,1,1908,194,1,73,2,50,0,2150000
7,5,2001,2001,6,3,2,1,1153,170,0,87,2,57,0,2300000
6,8,1950,2005,6,3,1,1,891,154,0,79,1,25,0,1400000
4,5,1949,1950,6,2,2,0,668,96,0,0,2,39,0,900000
8,5,2005,2006,7,2,2,0,1021,171,1,171,2,57,0,2570000
6,7,1923,2000,8,4,1,1,1212,171,1,77,2,34,0,2070000
7,5,2007,2007,7,1,2,0,337,145,1,128,3,61,0,1759000
4,6,1885,1950,11,4,2,0,1053,212,0,72,2,52,0,1225000
8,5,1998,1998,7,3,2,1,1537,227,1,119,3,99,0,3400000
5,5,1963,1963,6,3,1,1,855,106,0,106,1,31,0,1240000
6,5,1969,1969,7,3,2,0,1521,171,1,171,2,50,0,2230000
6,6,1968,1968,7,3,2,1,1086,131,1,65,2,72,0,1799000
6,5,1977,1977,4,2,2,0,375,99,1,99,2,40,0,1275000
6,5,2003,2003,3,1,1,0,412,78,0,78,2,39,0,1365000
6,7,1966,1966,8,4,2,0,1829,204,1,64,2,40,68,2749700
5,5,1958,1983,6,2,1,0,882,124,1,95,1,44,0,1440000
6,6,1959,1959,7,3,1,0,995,116,0,116,2,49,0,1420000
7,5,1994,1994,5,3,2,1,1016,197,2,113,2,48,0,2710000
5,6,1945,1950,6,3,1,1,1015,144,1,84,1,26,0,1400000
5,7,1940,1992,4,2,1,0,668,74,2,73,1,22,0,1190000
6,7,1981,1981,7,3,2,0,1165,133,1,133,2,43,0,1829000
5,5,2005,2005,7,4,2,1,2037,170,1,68,2,34,0,1921400
6,6,1976,1976,5,2,2,0,457,88,0,88,2,40,0,1437500
4,6,1927,2007,5,4,2,0,1003,89,0,60,1,20,0,645000
6,5,2000,2000,8,3,2,1,953,166,1,86,2,41,0,1865000
5,5,1977,1977,5,3,2,0,1616,104,1,104,2,44,0,1600000
6,9,1962,2005,7,3,1,1,780,142,1,122,2,42,0,1740000
4,6,1971,1971,5,3,1,0,836,80,0,80,2,49,0,1205000
8,5,2008,2008,7,2,2,0,1156,179,1,179,3,71,0,3946170
6,7,1957,1996,6,2,1,0,688,114,0,84,2,85,0,1497000
7,6,1979,1979,6,3,2,1,1076,160,1,50,2,51,0,1970000
6,7,1922,1994,11,3,2,0,1070,237,1,54,2,62,0,1910000
6,5,2004,2004,3,1,1,0,411,78,1,78,2,39,0,1493000
10,5,2008,2008,10,3,2,1,1022,186,1,94,3,75,0,3100000
6,6,1916,1950,4,2,1,0,822,88,1,88,1,17,0,1210000
7,5,2004,2004,7,3,2,0,789,132,0,132,2,58,0,1796000
6,5,1966,1966,6,3,1,0,780,84,0,75,1,22,0,1290000
5,7,1962,1962,6,3,1,0,2428,110,0,110,1,28,0,1579000
8,5,1995,1996,8,3,2,1,929,194,1,113,2,51,0,2400000
4,7,1910,2000,6,2,1,1,1093,125,0,52,1,35,0,1120000
5,7,1970,1970,3,1,1,0,142,58,0,58,0,0,0,920000
5,5,1974,1974,8,4,2,2,836,166,0,83,0,0,0,1360000
8,5,2008,2009,7,3,2,0,860,146,1,146,3,78,0,2870900
5,5,2005,2005,5,2,1,0,341,99,0,50,2,48,0,1450000
5,5,2006,2006,6,3,1,0,1599,105,0,105,0,0,0,845000
7,5,2004,2005,6,2,2,0,696,113,0,113,2,37,0,1850000
6,5,1999,2000,7,3,2,1,735,153,1,88,2,42,0,1750000
6,6,1978,1988,7,3,2,0,1223,192,2,143,2,46,0,2100000
7,9,1941,2006,9,4,2,0,840,217,2,107,1,23,0,2665000
5,6,1950,1996,5,2,1,0,902,100,0,100,1,22,0,1421250
5,6,1965,1965,6,3,1,1,923,116,0,116,1,25,0,1475000
